,PC1,PC2,PC3,PC4,PC5,PC6,PC7,PC8,PC9,PC10
206792_x_at,-0.003360390733872884,-0.002171536995782588,-0.002447725687788273,0.027821722445443956,0.023151924477808644,0.010406811000535508,0.0013583666702326274,0.009203614711375686,-0.02950371462903751,0.005417490153667059
205644_s_at,0.0010831124936320972,-0.005454070991157203,-0.027492707420680888,0.00781099799016619,0.010341433169153766,-0.004716899315032372,0.007694446286952642,-0.003238502389154533,0.02427300455343321,-0.000957481402784375
202307_s_at,0.018298471192300866,-0.007026929561887329,-0.010450135140867681,0.01840815035934324,0.006287607474864571,0.010508518759764962,0.034698563211031805,0.006912854494789496,-0.0012931503940999045,0.002112001355955911
212638_s_at,-0.011746688117662602,-0.004211923860089897,0.014862808328980733,0.02717152975346354,-0.004983823876701091,0.003833978201657309,-0.006037300512518749,-0.033844105343467115,0.001317715593262743,0.01450540289702128
211980_at,-0.0010004547783155837,-0.014204943800800833,0.00426250422844217,0.0029891812094744365,0.02242486385706109,0.006439907176864746,0.009474762284937216,-0.000668780367348177,-0.008288298511160313,0.00034000527111029686
207320_x_at,-0.005790212711639493,-0.01408983950461629,-0.00913334527411595,0.01644599072398018,0.0031480898224894747,-0.01457594496143632,-0.012922570563378076,-0.006415885625889027,-0.0071082785019757734,-0.0046218069420643805
209339_at,-0.00913876704226896,-0.001698193591127091,0.015110459977956932,0.02625064033672903,-0.016273597596783877,0.015490467330054774,0.01387619803775975,-0.01579250074269658,-0.009110300646585766,0.00485064683733944
213664_at,-0.007540101259214422,0.00907805193174379,0.00911013659042135,0.02193709619367664,0.007443131015172328,0.0035144168511188453,0.0004676601173874048,0.007125650281349339,-0.017517044045235936,0.0027740382460705805
204745_x_at,0.0024344578741893655,-0.0026872217060149237,-0.01540789686729168,0.0064874403319825046,0.0038419670958977714,0.015686396530821347,0.011781881217790108,-0.002033132074568971,-0.01092759815600724,-0.0318173992767485
221691_x_at,0.003229651551125507,-0.0047445612586558645,0.010737612783517108,-0.007148715740419624,-0.023993169281929665,0.027300047518837176,0.009771687984880076,-0.017550704860354857,0.013712794171441863,0.005107652651325259
200806_s_at,0.00868818449500645,-0.015976474068993683,0.014141064672381255,0.008526438379391934,-0.01832408495060881,0.03545213613136682,0.0066354857467420215,-0.021686316953554382,0.00776110852656863,-0.002788205508049988
210519_s_at,-0.0009927440615782978,-0.006661710881563767,0.007870299866827895,0.0161293297267236,-0.0024680211851203717,0.0026179011716323717,-0.000771905501901541,-0.0048293649642567405,0.012034287149730316,-0.012662899423050027
211654_x_at,0.012503517990480124,0.007691698723886344,0.008582213016806433,0.008799678575362412,0.007362575493425835,0.00815410469127471,0.02635917164169187,-0.0004427278925236543,-0.00991600397645878,-0.011248724854951387
201983_s_at,0.002914406340522866,0.0011115894075777503,-0.002395844621817399,0.01567879636993175,0.012607756232126163,0.024238983639036715,0.007823693564082232,-0.006861503913218561,-0.012440224019378075,-0.00948689305147046
213857_s_at,0.007619102067480482,-0.007875577791989824,-0.021475796343736555,0.01834047740904937,0.013106973003788361,0.003386272239904853,0.01910345772079733,0.0010682759157919419,0.00019727603148359316,0.01545138254980686
202858_at,0.002781642908611926,-0.012296283249057448,-0.017488112313671044,-0.002182747953413401,0.0017444982502806442,0.007501881598914197,0.005859927344135844,0.012370591902365521,-0.007949419320950054,-0.011411485537801004
208808_s_at,0.0006723487106318552,-0.009375107324886486,-0.019437796355099783,0.022001919988592782,0.004288057931322295,0.007691897002771121,0.017602818784918393,-0.02058405359252178,0.0032424738256167716,0.0010902519796557317
209911_x_at,-0.007096202129272498,-0.0035242577781141138,0.006036535540341453,0.01872079818719544,-0.007128886684779802,-0.0021878602060043965,0.006155656631468699,-0.013464682189848311,-0.014874628914527807,-0.015380482007268065
205453_at,-0.006755643113869084,0.009893382745093018,0.011349812471155227,0.016208999587878057,-0.0025762612529163045,0.007198358990601313,0.005095189193126424,0.010086045911835085,-0.0014610938934539418,-0.006776366332974633
212148_at,-0.01345831738756958,0.0029603638022456607,0.010296940467286332,0.019356308912443235,-0.012272934950524417,0.005927080918903683,-0.014679747563021648,-0.0014439429885828392,-0.007120472834379718,0.007839158575404643
208873_s_at,-0.014251517344385149,0.009980350086130666,-0.00038032154681869095,0.023165042341980517,0.0013620144395003158,-0.007781382171284914,-0.018226259790251085,-0.005423120159497972,0.004443790227781695,-0.001163325386974922
201079_at,-0.00011742824472167145,-0.010897573162446847,0.01158726278812183,0.011166848283059833,-0.014495405414890028,0.011525496624185025,-0.002839449701305442,-0.009724497761485098,-0.006479732809017311,-0.027369225342427618
221726_at,-0.010567826569202143,0.015810861388002712,-0.003164855901285541,-0.0006616504674535783,-0.021511020027359638,0.015173345309143693,-0.014562656183475239,-0.009352754914386294,-0.00787477410137651,0.011183630300390365
212151_at,-0.009330129144932234,-0.0033178940974579263,0.021546019241619897,0.019046478823052874,-0.014971456445789786,0.01718618630648934,-0.008341423625697775,0.00532352286364638,-0.020261523514606923,0.0026373873515427174
200792_at,0.002690800453330782,-0.014713854899903515,-0.006730532188337008,0.0059729429094350465,-0.005014957617991384,0.013754692998243919,0.004345855500307517,0.0034571673183343902,0.005680145480339751,-0.00847442839407343
212884_x_at,0.008502512943773726,-0.001528732413150903,0.0023007319307423225,0.01291588536198367,0.015386586578901365,0.0006127916867551103,0.020633317028373777,-0.003404928885867066,-0.015496996675264265,-0.016838185437867376
202708_s_at,-0.00658357041822472,-0.004136628858202139,0.007776899188067574,0.021425091858757055,-0.002157355802109575,-0.000650862762549752,0.009704200359072311,0.0021459385141158996,-0.01869215699390711,-0.010667202190557949
208636_at,-0.003839056445919359,-0.006714559543357194,-0.01091366063425324,-0.00354429361539328,0.029266127814724797,-0.0013101306808214915,0.0012482837072429562,0.010102804327415754,-0.012326785313383581,0.014389592969662152
200693_at,0.007489002136624153,-0.014351680803877487,-0.009130167976866482,-0.013330735641886107,-0.005358818689719389,0.016343664569651185,-0.008697005086892863,0.002421532481132627,0.02947589984973474,0.013772233197625768
201885_s_at,0.005441302155055474,-0.006813767204360735,-0.006138854622129483,-0.004511731435384183,0.018391955932414515,0.004171832632764064,-0.007811234471571932,0.008079566630303875,-0.014844770888108007,-0.007850223337252327
217428_s_at,-0.008405342038247958,-0.0007544830374146274,0.01892944243189881,-0.0100001323665349,0.029662718816350887,-0.00013735926699415615,6.8302696198332e-05,-0.017413129112589517,-0.013664506913189402,-0.015236449816738142
AFFX-M27830_M_at,0.0011194288437487467,-0.0062491059202142785,-0.02255646578071217,0.012627533555378786,0.00969822674137836,-0.0012253618092928872,-0.004442440058267545,0.005273046060577914,-0.007315019484612897,0.00682137326471985
212995_x_at,-0.014809486129139375,0.006251963628609873,0.002607575276111669,0.018472593865157746,-0.013455940788788593,0.008269870052030684,0.00365224656613476,-0.013863161843831894,-0.013039747990464992,0.009587860688376217
200630_x_at,0.004674256851430698,-0.01965523066349293,-0.009583358207673287,-0.002118692636878445,-0.003185760861342647,0.005262762864017855,-0.009971490864960419,0.008680171273325802,-0.016526182467773702,0.0010012172009806499
208855_s_at,0.00211608652107136,-0.009931974954277367,-0.023902061776623552,0.007788386122706356,0.007633354496036344,0.00274613081348131,0.016083942158087568,0.01595034000835949,-0.014247676019881706,0.012765335376432575
206392_s_at,0.01357934277678636,-0.008084231082491684,-0.010163263462084921,0.008599913227284367,0.012157436991130898,0.03342811108498027,0.009209931980203296,0.006683396898154583,0.004448070307642231,0.014706823742999864
200704_at,0.006526646497824548,-0.0035041456760142955,-0.003063323926548002,0.001716193094937291,0.0002474064617712433,-0.006274973500673219,0.00864255051857697,0.007401397844552997,0.02464738402698737,-0.0011062691338081317
208739_x_at,0.0033537092775122175,-0.010088713403206447,0.0025699162448048914,-0.005838509759004053,-0.01968485665558728,0.013160287088879273,0.009696905488186858,-0.015034651111144805,0.006824242208058255,-0.007376494583391418
209163_at,-0.002559908250597972,-0.01294849070563884,0.0018473009803664743,0.016874116297605598,-0.00947482242478131,-0.0020769705761549792,-0.014809819806055743,-0.009706641686528537,0.004464047291490305,-0.04477080536069392
204386_s_at,-0.01280038822739655,-0.0013424590162416702,-0.012598508350100407,0.017451222995117813,0.0014474357035217094,-0.015367484566945243,-0.004601263666477291,0.004285188367580156,-0.012111967445622806,-0.009772340915742899
207508_at,0.0008352793262901802,-0.009564714111358967,-0.022387212257419555,-0.0009711604148495142,-0.0007138869729628571,-0.0016014404699171976,0.0037013667903293443,0.0032967628933735713,0.013994083961095515,-0.007736372088697049
211755_s_at,-0.0035397064147046167,0.0032902724978599238,-0.016177733203141077,-0.0028576408328462523,-0.009112149136881985,-0.005120416926486403,-0.0019523925786479055,-0.004360655023583599,0.03291345747392213,0.009502461458275867
208405_s_at,-0.007317499841681265,0.005139401238742081,0.011806336628251791,0.011624347177755156,0.0002130023385682267,0.00116325471719484,-0.01786307229989562,0.023679811199296397,0.026149962205096633,0.006082195308948812
200750_s_at,0.006049315349918745,-0.01825431606581897,-0.010196479566505058,-0.0009576558150684373,-0.010825318858667459,0.0104117992187246,0.017491133337854983,-0.028367926126633112,0.026529651969385025,-0.002291199502528082
201290_at,-0.00708802086350989,0.009509418419997397,-0.016138419844054827,0.0029758670687990477,0.002798311834537162,-0.012444129695282727,-0.0068068770699730415,0.0004596529435384876,0.00229747253202273,0.008587394645824893
200862_at,-0.004343696239665288,-0.0022427318642046943,0.013468168023961394,0.021774293703228028,-0.01566697340659804,-0.00023833035560242685,-0.01873028893543781,-0.0027682683521973858,0.011121722277385624,-0.015494764966062646
211941_s_at,-0.004813061086011059,-0.007664569259457544,0.018092763951300495,0.004937935039382776,-0.03326346530042942,0.01809214034109742,-0.006536737942327949,-0.003214019928544716,-0.014552105559010074,0.0034617396988152888
214087_s_at,-0.0025110388958867777,0.012899375772274716,0.000321196407039762,0.02192613797112501,0.004999359129926303,0.03123661247248245,-0.004918834750248009,-0.006292916780991467,-0.02177900956147124,0.005632524256092526
210844_x_at,-0.011338548505145022,-0.00838803869910742,0.006995343346370585,0.009554397975218629,0.0030012475657799453,-0.0023766815481700457,-0.01437025539497549,-0.010756332535784844,0.0014155155837124284,-0.014621854313387146
200629_at,0.01533008996108927,-0.009464062622155165,-0.016269469490234206,0.014073971573279416,0.00455125525687198,0.013461932248631531,0.03141469458142997,0.007270931253605743,0.004643639502587268,0.009405361345804449
210142_x_at,-0.009673995105992258,-0.0015668333154135788,1.2538407365155066e-05,0.005244949136964046,-0.01377994935125807,-0.00957270660052626,-0.006618220716730603,0.012970894502685489,-0.009803903149808002,-0.01893567023784382
203476_at,-0.011960180279459208,0.003069624730436737,0.01967485434803692,0.017724186281358127,-0.009911355439347385,-0.0014439397122316153,-0.0076268723086257645,0.00048713898567012356,-0.0075332832146803134,0.014893873520019581
207157_s_at,-0.0008720345418411823,-0.006324011487320064,-0.020966161068037246,-0.003744520579976603,-0.006492891791281657,-0.02196510060115535,-0.009844197193515024,0.016774998044029054,-0.0074951049282870495,-0.0025103834220450145
201417_at,0.0049756296612732415,-0.014728515487080412,0.009232437598215867,-0.0043287022826578245,0.0018875494642014488,0.02775173235528251,-0.008511092973015378,0.002185275048022373,0.003154501428434386,0.022551232580613933
221952_x_at,-0.0010550715145780866,-0.006179041904751933,0.007807208072608474,0.0007902833606873008,-0.026820771929105404,0.006375518168543596,0.009316015163175031,-0.023603188999130165,0.015165978624508516,-0.006716433397222201
208982_at,0.0034678167280718527,0.01932722116664049,-0.009582889045668388,0.018181587431755793,0.024203927605299193,-0.0026077390933358737,0.009493908697477361,-0.003509417359388766,-0.00902956378676558,-0.007623799074148407
214433_s_at,-0.005251043833904093,0.002419291417491934,0.017547546138854016,0.024208908263750377,-0.005679344758718474,0.012336422793751326,-0.006977790274225341,0.019371629072616425,0.0003821769290283472,0.0007180532365092052
203606_at,-0.003644686161599296,-0.006731150040450603,-0.015615559567546563,0.023375283595165428,0.008256400259377461,0.0031663047511781444,4.138179249317534e-05,-0.011160659365138813,-0.0031684374428041155,-0.005091825913206371
218035_s_at,-0.013090269384346707,0.004217735026779326,0.009698565958825248,0.01408738765778757,-0.014964819229603136,0.0030843983867003375,-0.031014332437123645,-0.005322337507194973,0.00565110549484827,0.0006995702036843783
201097_s_at,-0.006570823041354178,-0.003403838622937765,0.004452175093854252,0.003591929534462628,0.006062233668712784,-0.011307338200132543,-0.004184988521805457,0.01777709080729012,-0.005128682491528344,0.005808283793111714
203400_s_at,0.002293394484223649,1.7524176772590327e-05,-0.005590832410629626,0.019480744256538667,0.014208040263380154,0.026645705368173032,0.01483599029973529,-0.01362933636335133,-0.010232716698796725,-0.0017337820514370494
202704_at,-0.009110410292671905,-0.0011992898243638648,0.0011450149456313497,0.021863631561251828,-0.0028230094461212064,-0.008387660468273248,-0.0027849882985528547,-0.02229438605893691,0.007843519140152211,-0.007325183788980055
201489_at,0.002398056392910538,-0.006945017071169295,-0.00535711548151745,0.01642386453038222,0.001666404174554547,0.011804806551963828,-0.0045491034743375585,-0.004055167035331461,0.006762111457278753,-0.0033104819263383278
200673_at,-0.007464337897705748,0.0029654264757159867,0.002208887669882679,-0.012159097321508675,-0.0055431087423082484,-0.0066402202995756885,-0.014478188543607228,0.010211146826214164,0.020828540680177848,0.02601616045911167
204540_at,-0.005489082276790241,-0.00852581629452295,0.007199889748489467,0.028872093152447542,-0.0026942531761911504,0.01517189031157616,0.006919850646023576,-0.035014169185903526,-0.019486075793887704,-0.013394099764030144
201009_s_at,0.005184840351406987,0.013360743838858248,0.024003429983810286,0.01168459619903224,-0.0021022477773702214,0.02279681330235157,0.004595959707191869,0.010524753357111621,-0.016906333773629115,-0.0019028851066227829
211936_at,0.0054258408497737925,-0.009539080945593033,0.009458304939714026,0.0019179192663414805,-0.012880463182205884,0.005670723839463074,0.017200453146314174,0.029413411047422695,0.00834914116503698,0.018012757720121505
200644_at,-0.0017071749459671359,-0.017999378823165102,-0.012283945005993844,-0.00018056007442969062,-0.015555145806009413,0.009962061399755633,-0.02841442129568457,0.0016417793549275744,0.000618125710396882,0.012139448723159996
200087_s_at,-0.00833917802679255,-0.00657195314053681,-0.008082157875649953,0.007301023745703029,-0.00921520347922337,-0.020623570341390857,-0.015951879540421248,-0.00591294654849114,0.01642640429965987,-0.0016134380697699034
201487_at,0.018648181868870593,-0.001596389718201739,-0.009327899097638759,0.010377521019580765,0.009911511768785502,0.009029459889305178,0.02979237716765741,-0.0004029752917704462,0.004935792785202967,-0.0036726011942455968
215952_s_at,0.004925932421249308,-0.005987100074001454,0.026608766455778966,-0.007331567452743711,-0.024023857571363966,0.01906854921398198,0.002393927959201115,-0.010047013687508623,0.004780845036597865,0.003900805540367073
218409_s_at,-0.00721319609861107,0.004109437051172524,0.00625577593500617,0.026634020256078635,0.0023312472057547026,-0.004274721277541991,0.0061845561674760555,0.0007664525389970688,-0.006570751003331624,-0.012426139672129332
221434_s_at,-0.01100054906296871,0.0015376989320318587,-0.018873819443179604,0.016090185809884344,0.00950041722931552,-0.015331165641921987,-0.0003534940128321917,-0.010930167707029433,0.010573038612453367,-0.013244234943037317
211787_s_at,0.004012561567731261,-0.019266570866632145,0.008144576124741733,-0.007749894602782582,-0.02109290853476614,0.014488554319950688,0.0002299504957034832,0.0073234385240527385,-0.01733523341202909,0.015035437212409443
200877_at,0.006153317104596515,-0.014712443255335588,-0.019547862298665702,-0.016388177675517878,-0.013326826299876908,0.01244141621465141,0.0016305525206321088,0.007979470988926513,0.025237688060384532,0.0008741537805560882
212412_at,-0.008521433309774912,-0.0006092065393083262,0.0042096723385827775,0.007836508423516566,0.008943898415625347,0.011241446866113683,-0.003149337487209673,-0.0016739834689272343,-0.006827181914441154,0.005638196904719364
201463_s_at,0.0010812654142869208,-0.009056188567716561,-0.025980428895388,0.012289146603456345,0.007243599639579207,-0.0035414367667269625,0.0037874371498396496,0.0005327133944371834,0.007214704638439737,-0.008397306070665203
201358_s_at,-0.011340038353960217,0.0006527436055416063,-0.014988464867599286,0.01722772162613322,0.01125333923335696,-0.020563480770543756,-0.009354970640344436,0.021743737828433078,-0.005274712963100988,0.0027485901146497107
200964_at,0.001843946467295115,-0.018965049659657944,0.01992978875118912,0.000577722525155706,-0.012715734131000722,0.01836784507735416,-0.002519317855699842,0.011836309147357612,-0.0024377502247693327,-0.008676551375537958
212671_s_at,0.020611674093126274,0.00415197216848292,0.006192489864152313,0.011566695552899764,0.0026841148137218933,0.010130046876292625,0.02497510092772233,-0.0041608389531719095,-4.7514490512809616e-05,0.0007669447048865108
208905_at,0.00248995747412909,-0.021794732602036158,-0.016830279160966483,-0.001340082775307186,-0.008799893980217638,0.0060625821195912115,-0.007918359081323623,-0.0041911405089101374,0.030798350405712143,-0.00602231176719177
212354_at,-0.0041358407778392565,-0.00992372568508342,0.011636910310199743,-0.009742296933418833,0.02443932436030349,-0.000241251285729779,0.005956802335204411,-0.017932104857370217,-0.020295321208274427,-0.013939699649923138
210835_s_at,-0.009887738065928166,0.002663691821603014,-0.0004423935420003915,0.01727690870128144,0.006452919762056133,0.009817444485407398,-0.013263073688852645,0.015440186877903495,-0.006652198578390014,0.0010755250199971972
39729_at,-0.007919062960981188,-0.004770152761706362,-0.008074430856534472,0.022403233433037517,-0.005478175331665116,0.009981321313161134,-0.0008937932039770381,7.350648903944442e-05,-0.010985198089361988,-0.013376856665143683
201954_at,0.012251100835626352,-0.008365672867168777,-0.01062891906267134,-0.0025255968774100255,0.01627788653952154,0.0009924290164660616,0.01499511561421407,0.005562495248613109,0.0040842594956097,-0.014290160222441315
201349_at,-0.0058144293985673825,-0.012723543617047665,0.012210835151040577,0.02679073986875338,-0.016691710858630793,0.0007540237889456233,0.0009404136131631173,-0.03120462386915169,-0.0112318461807575,-0.009151988087027767
208764_s_at,-0.006372878859353586,0.003075589976736326,0.027835577303298265,0.005845915409004018,-0.028891386109771433,0.013041313436068491,-0.014501898734483157,-0.005438704085457042,-0.019041337385211805,-0.005813509575286611
203649_s_at,0.0027095016344411468,0.007579324331373211,-0.001895725583294123,0.01949348696655072,0.015122362647556693,0.024705573673882503,0.014850283088306434,-0.0032452614630745173,-0.009635952222297186,-0.01358829838651296
209301_at,-0.004333271001833206,0.0029457480402444013,0.0066778874152306055,0.016056394547489913,0.0004996356493311132,0.022764897947108363,0.01072808447970737,-0.010203330925404326,-0.004978302831379568,-0.012124764377682885
208865_at,-0.017437748286815147,0.0007030742781023274,0.00859081774023034,0.023707623429776722,0.0009551418427858689,-0.008665604977272208,-0.01025655409703567,0.000556913095761882,0.006991115073712516,-0.002811166019956836
207585_s_at,-0.004585065407919283,0.015694648881256355,-0.0008003422623529624,0.005374813061658547,-0.0025175450828868865,-0.011633178947377648,0.006332916167270468,-0.006259672388073774,0.003244358307592303,-0.013747513682783962
212077_at,-0.000864501056666965,0.0029232343596985394,-0.0020314364935324256,-0.019781946954606784,0.03785645966340415,-0.001566715750894428,0.00039223165943896816,-0.0029494793234967386,-0.00836522707475118,0.004006762044871287
200703_at,-0.011402793495478524,-0.011091665690154757,-0.013061673627481016,-0.0017750466931332376,-0.003712379355372909,-0.015531428918566596,-0.002071226018765412,0.005870856143670916,0.018541235224431154,0.018180775804065446
201441_at,-0.006278021322951233,-0.008282980510581987,-0.02276605238864158,0.012279401689971313,0.006416204952666166,-0.005592736539676495,-0.005992644766335726,0.00027049607370390307,-0.004122294773444989,-0.016137458846332456
200093_s_at,-0.005974469939467816,0.010453349002875591,-0.008410575497644958,0.0053411496010115625,-0.006309852537175763,0.0024376096226354097,-0.005635770913905982,-0.01989307589419663,0.0351528086483202,-0.008904084985239038
208639_x_at,0.012682663274723442,-0.018671554213476795,-0.018488550792015116,-0.005766910950382602,-0.005290036814507405,0.012092794760041303,-0.00010499852445298023,0.01901768182893091,0.015337719044328967,0.021299732474170167
201092_at,-0.008761611128442254,-0.006967859485869698,-0.0056638036708050845,0.01805641828104301,-0.008454771675590491,-0.013220469749321609,0.0028800901040699615,-0.019783850778000368,-0.006636750657124427,0.008078447863399098
200645_at,-0.00249418874463098,0.0006775900081721026,0.026263947494542517,-0.009912498729566769,-0.021236565779322668,0.00744460639270219,-0.00032468086341769567,0.018511140965194548,-0.013861371646198812,0.01606411129835555
206325_at,-0.0028906786045835215,0.0014729547658014132,0.008974025202886926,0.032037392067062166,0.00045346043363741616,0.017228425445500524,0.016148710017911457,-0.006153946545459622,-0.02092375353596806,-0.013962251034874883
202308_at,-0.007627288721157069,0.0003378422690786028,0.012171403536365925,0.027304932849838738,-0.0074618077932761965,0.014275185965312211,-0.004205819336191781,0.01209327379764612,-0.01614631573587399,-0.007089683654641847
214749_s_at,-0.009044784092951234,0.004661667141721661,-0.0226316189304823,0.006114340889418446,0.012327747852151063,-0.013069272633016066,-0.018834866581507206,0.0255126130353053,-0.01792596527594093,0.007397555451564621
200700_s_at,0.006339615210500205,-0.01977001763315464,-0.003797837834488045,-0.006787994854249701,-0.0009069014945884699,0.00905998932993361,-0.012172179019280522,0.013343196087408441,0.021145117576455118,-0.0311251994581686
217225_x_at,-0.0014852582952149854,-0.022293756280354876,-0.00552285181528851,0.016542302014905454,-0.008149462854383479,-0.010044924702363367,-0.0075689684134276755,0.014541988154806583,0.010759283355519608,-0.009867175709930245
200975_at,-0.007912627814527947,0.0015413575662096201,0.0024491242165468785,0.011652746526634391,-0.0030189912013987136,-0.014416174758137858,0.0019234751642294408,-0.0063162234170832665,0.015348837974310912,-0.011195732154606992
201322_at,-0.0004712852918395491,-0.010281079632858686,0.0017678704571221246,-0.0012957273103883246,-0.026942778977436136,0.0019789284268389483,-4.380252076643791e-05,-0.015383236177051552,0.026345645728718455,-0.022496475861179088
200826_at,-0.0007791704262186097,-0.005222072429524145,-0.013465076493233507,-0.009371876206452825,-0.011357892002143233,-0.0022701765414034425,-0.0031384505336822313,-0.02523666141634769,0.0010865165034827182,-0.006449199794456362
217809_at,-0.004069740294523029,-0.007209818900213535,-0.014210947776522103,0.015023424619652467,0.008160783096730207,0.007727177625769924,-0.019606683634427708,-0.009368368889686635,0.011111126695444822,-0.010100537649831938
208655_at,-0.006844158920525125,0.010318061304997175,0.01543795976203848,-0.006892794740651179,-0.01340316481506712,0.006489830559131256,-0.004067572235057467,-0.00379445203313513,0.01106449348612103,0.024170623938846877
203133_at,-0.0008524720111937614,0.0026711386384997192,-0.02334771428527679,-8.427818538160199e-05,0.005852881381995499,-0.030394555449502803,-0.008107496231526535,0.02030958571255731,-0.000122349472726188,0.0013077915993448684
214629_x_at,-0.010555809143451427,-0.0010008737785535849,0.017217581886835878,0.0008585291931459427,-0.0053678515707255466,0.0007672009412470574,0.0008311965001031398,0.010579646753528271,0.03383023556834218,0.027336903721640996
216515_x_at,0.0064575843937446425,-0.008327209937735155,-0.00344996800363764,0.004205985376121216,0.0015608772464944735,0.015602971560585781,0.0027760074108165124,-0.004092547444633386,0.022932308745535136,0.009558735784896546
213507_s_at,-0.0040838565902860495,-0.010096060648168514,-0.001971286355943631,0.01138261926453095,-0.0045356180614618555,0.006241804955651493,0.015016806225702745,-0.016640342414183495,-0.012285306478447429,0.012351205898205967
202371_at,-0.014598890532869748,0.006428319074436625,0.009526451228951517,0.015405387754678831,-0.0016349477450222313,-0.014890231444958806,-0.006600807480892982,0.0030609713625339282,-0.009017539580171527,0.02125811603403818
211535_s_at,-0.0031714462967418295,-0.004385775948399662,-0.002030079894385206,0.021508075069496087,0.007834986603088163,0.024103565535809172,0.0037249589584315524,-0.01983356225771752,-0.028349941218538195,-0.007941708803691152
209283_at,0.007469608765266109,-0.0073682774556614195,-0.013629688856228023,0.004155299149986735,0.019723694585358876,0.031227788989946673,0.017744810287149977,0.009810227109740778,-0.010116451410044407,0.011864404611073355
208737_at,-0.0037606291412927446,-0.008569137923003033,0.01707453909578548,0.004926130632795564,-0.020148377320104754,0.0005028883147166318,-0.011081307429742265,0.0039051219944692115,-0.010899225488026716,-0.024562717087819413
209969_s_at,0.015083121743303033,-0.007932988393702732,-0.012316625444847202,0.024066359927004212,0.006918850362008709,-0.004031093888975984,0.034763843540837495,0.0020034600507927527,-0.007768373520903953,-0.002494563863528331
203439_s_at,-0.009683173777378257,0.006429328079406825,0.011690234773480756,0.024393605427992605,-0.005211291094127792,0.015134336657176251,0.004146370500679878,-0.02538807726753489,-0.011483318601830488,0.016429776768031194
202036_s_at,0.009010862340474797,0.00038404328096677023,-0.017562087089375306,0.013676128892226849,0.017174181893231322,0.04249518536709485,0.005116187927448801,0.012119042090406613,-0.02117677675914432,0.014041386258318599
220990_s_at,-0.0028201073533710894,-0.0067650030655681415,0.011344269979289478,0.0027390978567095846,0.008578818708771028,-0.012420241931694673,-0.0029432487038998974,-0.009237190221160128,0.005597701500237462,-0.020653165669323015
201999_s_at,-0.004198548319968721,-0.011030135491493403,-0.013981485594757615,0.0017668148265909695,-0.0007941794571119762,-0.008049744383496567,-0.01805571208519018,0.006598617842848835,0.019055655869411388,0.0037348961616675462
208864_s_at,-0.001654978962306372,-0.007540213521101794,-0.02667193500095667,0.009752731545905743,0.0049523125432389065,-0.009803533041601902,-0.002647794602567512,-0.00591274975014731,0.022390605417483878,-0.001907792434503215
201792_at,-0.004582710884074246,0.00043821403790481094,0.021512190525221866,-0.013995481294766557,0.0347672857355694,0.0007514647320486147,0.001053280374672267,-0.013458820077752695,-0.02684940992882276,-0.011803271558880255
202555_s_at,0.002611047504228421,0.006226714412998776,-0.008744004537328555,-0.00014187506159166853,0.028257035458602024,0.017722741591212864,0.01154812744006831,0.004415419319576346,-0.023980964822233324,-0.0023267372119475205
218976_at,-0.011659114244224594,0.006667034115671042,0.0103333550602384,0.03683873967364002,-0.009318774714430903,0.008261071800896835,0.014249213074043423,-0.02037632059709442,-0.017037227151999595,0.002978836782858007
200910_at,0.0011767029020669753,-0.020210729149508493,-0.012828876569260619,0.0058425791922061075,-0.008546320037150576,0.021065179413896486,-0.008921332648359773,0.001946010988481283,0.0003813130680508727,0.010911317956606048
201600_at,0.002266355472672366,-0.00913967715643079,0.0020004690873676643,-0.00572398639223063,-0.026199786085259382,0.03483541051865084,-0.002224201396452467,-0.007246710881959361,-0.010210468949738965,-0.0017585512508854673
208617_s_at,-0.015847236837383115,0.01146402607018496,-0.0011823062274057136,0.024273155536929946,-0.0037098505533773502,-0.014027463870446715,0.010459276988582119,-0.002420842326639987,-0.013817589010207493,0.006635502724884618
212509_s_at,-0.008491652810988848,0.0011382765472553122,0.004792237284729046,-0.014149028349345012,0.02011065244513535,-0.0007398326027378422,0.008162988491113325,-0.011590942512774902,-0.023522513093596327,0.012585507470429023
221675_s_at,-0.005677175658117333,0.008913255450863855,-0.004897451549506292,0.017214042849505867,-0.005391403370159793,0.014809744981050218,-0.002349727314156753,-0.03292792078382547,0.002188927818267064,0.02482925394190076
213612_x_at,-0.008177088868622383,-0.0032217276214043236,-0.0017365270725027266,0.012126524492967201,0.002547271649496,-0.00134075693483611,-0.01748723203223885,0.023227985453853944,-0.014577050354608885,0.02368116551165233
205157_s_at,0.0030829937731020897,-0.004800363827110762,-0.006680925956615953,0.0063729340327300784,0.024615925000276165,0.02955473411260227,0.021418607902577932,0.00021955752360206966,-0.017778382779258823,-0.003960370092475993
208836_at,0.005530634783783476,-0.014910710817612137,-0.027637389605790808,0.00278760459359403,0.013508076351056662,0.00706800723861781,0.011676867582822556,0.0030224794852991097,-0.003871249082996961,0.009282984420923405
209290_s_at,0.011486024861238267,-0.0005967040278690548,-0.017673558865045402,0.004384217270165976,0.014211643617891418,0.03876680432846693,-0.00025624999805823025,0.010040169970899895,-0.008720359336290463,0.010811021942323158
201170_s_at,-0.015461111517589929,0.002553614045197297,0.01910487965174683,0.008491504172048235,-0.007568304954846431,-0.0032428799868159824,-0.007186538820063561,-0.006889543933151537,-0.006268591154242715,0.020389110055511753
208640_at,-0.01237530655335378,-0.0117520921868882,-0.0035870923777849514,-0.01839051895641229,-0.009232822424900658,-0.01924404823292244,-0.02103383364147871,0.02529401497575187,0.022158984973824385,-0.004384757513124306
204655_at,0.017116927239062277,0.0009362338055455075,-0.010148080040048846,0.024064459421483733,0.013664644745484894,0.014316496563497465,0.03127610215829518,0.002233379331543137,0.00035654971240799436,0.0010656024533161682
215034_s_at,0.007730123031764155,-0.012006396351406235,-0.013003312693206594,0.013273829221894507,0.012939678338502944,0.03293137614282539,0.014792843157108562,0.02085600316739865,0.0005798900464359125,0.014990903890037632
202283_at,0.004655809952369122,0.012559737195917506,0.02208182905873904,-0.015988786548237783,0.02726769360971102,0.002077713741843922,0.009897220837170794,-0.015185552603047428,-0.01456693983232407,-0.012129497382060192
205382_s_at,-0.0021060612110335632,0.01534520891809885,0.003842389957046808,0.017339009070413636,0.009873690292860693,0.007196215800151779,0.002731754875484471,-0.01207044670059304,-0.014069331426904155,-0.0012788155559799673
203824_at,0.004610373620457411,0.0005305910328858336,0.0018174108664488543,0.03019628634891822,0.01105388079431665,0.0011370160802561806,-0.0071111047660921585,0.008928005417536062,-0.011628276629265074,-0.030511763035547024
200620_at,-0.009342643250827653,0.013750925034320256,0.007990298527554101,0.007117160299799309,-0.020941921738012462,-0.01881883591545234,-0.003103786144231914,0.0208134626393866,0.015871616695439628,-0.0073452631668424265
201368_at,0.005144573462946901,0.01900558899825629,0.0022329991977597086,-0.00510108426385237,0.015130908183146375,0.016293252203448568,0.00389609418250722,0.010692452435335086,0.010676507273013695,0.013799150408128978
207668_x_at,0.012385573128594337,-0.02029798051319354,-0.017961341894822076,-0.010890762997941313,-0.008815645174914103,0.008054185932443577,0.00262337130981863,0.025084313657501,0.015466899986491832,0.01861816918048852
200074_s_at,-0.00706515385136118,0.023472469190932953,9.113233371049478e-05,-0.0055801373845905285,-0.015262990604180326,0.012552351797916783,0.0034749913377764806,0.0010298429842461522,-0.02139253751062724,0.009706642457552601
201786_s_at,0.0036677365912822397,-0.01517118556339697,-0.004462972083564077,0.013720793050334315,-0.009855561694112494,-0.002915300414815078,0.01820224024784855,0.01702124833165048,-0.011069448498876776,0.017166696961652406
212667_at,-0.008388142205913258,0.016250747799184968,0.018653737446158735,-0.015394545633175773,0.035486016593959564,-0.005367290373992973,-0.005719384297272667,-0.011306419650859973,-0.010181733013302578,0.0012338828684498203
200085_s_at,-0.01260166711862615,-0.009762503530235039,-0.0001338867386990039,0.01622141845418424,-0.005516943210167713,-0.011136318216985616,0.0037032873530991745,-0.01780992319422316,0.011576639080477095,0.0028104648964334218
209396_s_at,0.012679809854481994,-0.007923453863742247,-0.009352914894858674,0.012239963171660252,0.014721318792249678,0.03177535014355899,0.015138241661311455,0.007908829172373878,-0.014177888785938009,0.011866002993289758
220414_at,0.005076383812910792,-0.006750864884691304,-0.010339711151854024,0.013458559800436778,0.015793763980375426,0.024613154270699364,-0.007250620474623582,0.0099517768231667,0.008998873608818868,-0.0315108120461662
209143_s_at,-0.0018119828022676383,-0.0019391423821540764,-0.008177750503004675,0.023062614527217404,0.00851904159350941,0.0026174860284438636,0.0038727909002955426,-0.01925021711575879,-0.0045584150675122915,-0.00011301188356347173
210072_at,0.012596452041629952,0.014250678686652602,-0.006471378103849702,0.015886173863989425,0.011827390033316267,0.018077539558849037,0.022587379529354974,-0.003909813690333473,-0.005979550705067788,-0.013103094408937957
217436_x_at,0.02001985386065653,-0.005705780739327434,0.01081612665241429,0.011087585308852019,-0.005005023736827035,0.020869070336241226,0.04521580791746137,0.007569540339601009,0.002280293548558437,0.000812432685511461
214870_x_at,-0.005040349405923007,-0.010892475633029388,0.01677133528538191,0.015218755213882672,-0.004630084676185435,0.017947194542452305,-0.013952910750828605,-0.003998593961048306,-0.03238724370982797,0.0145560050245968
206227_at,-0.002682267007065987,0.02487376225795204,0.012378082032290393,-0.004759758871033746,0.020883802638036995,-0.003924012931106991,-0.00554494097918258,-0.01014695663510786,-0.003294976769297524,0.00026221954820514014
221501_x_at,-0.004800705276935447,-0.010302988402352237,0.01733698592330756,0.017819220826870603,-0.0020934685647576038,0.019086663725060703,-0.010363950274230257,-0.005078335883022861,-0.03562935167378447,0.010818693221916005
217276_x_at,-0.0010610663057361656,0.0004037059517999508,0.012116141238930924,0.020948137956047025,0.004398224004841123,0.02751064425278415,-0.011739801804840652,0.01276110042095544,0.01849780105973838,-0.052674167954556796
214041_x_at,-0.001096826561185028,0.0013826654125302835,0.005724200609548259,0.03502453686603194,0.030307556627302928,0.034427130891067685,0.011549712422475607,-0.01053783282879477,-0.012673700480426221,-0.0015337987505261194
200030_s_at,0.003992710660121081,-0.011770071680410107,-0.00037711928237433277,-0.018174901411116676,-0.0319969243633209,-0.0038016408856326417,-0.013682331675625228,-0.0048542966958716295,0.005631097516504206,-0.014989177750554483
200599_s_at,0.006725693959417768,-0.0033183813529821366,-0.007860081385708073,0.004251247945084315,-0.009715718538239574,-0.010836091257146973,0.0012981388212122101,0.015020050506978376,0.010035216839508648,0.02357969746767841
217232_x_at,-4.8465023153975696e-05,0.013771221597075502,-0.00022569489754239834,0.0110343090746209,0.009482353932634168,0.011095081587813947,0.010986962372152496,-0.010116371568310937,-0.017949337204602726,-0.013359431109207936
209377_s_at,0.0010933303769562908,-0.004164857903069805,-0.02594062655496854,0.009607658250670474,0.01026620218146358,0.002967064288055382,-0.01460062892101802,0.015931789105198258,-0.0020861740581974925,0.010423534374499837
211945_s_at,-0.003384483594276194,-0.008902454170721299,0.010141475881249126,-0.018511816481388093,0.020711740013736515,-0.0048953128642422366,-0.008771006149308026,0.003422531142129495,0.012693059704762342,0.020814986635582507
204416_x_at,0.008682076554814585,-0.0004205639006011397,-0.001382486018891646,0.01981017766440825,0.020709079617217543,-0.007481692847878145,0.01651455406746561,-0.008035753220844362,-0.006479377606665364,-0.020957937375268448
217773_s_at,-0.010387576587024563,-0.004213040012086127,-0.011741050902794535,0.0026816085907742466,-0.0058649416693097025,-0.009527381015720005,0.004011772142576108,-0.007628131754651688,0.023517098428302675,-0.008430020852129705
201273_s_at,-0.009685109437284518,0.002633246653396364,0.004511933569705035,7.791654274550605e-05,-0.008857356371362146,-0.0048068970708117385,-0.017554014813482757,0.018888978412865624,0.029424867626428246,0.022186551374756332
219768_at,0.0002741724951650925,0.010126584232493447,-0.002670657189821552,0.0031555887663971558,0.005923143948932282,0.027336041494414987,-0.014782054355388641,0.0035510550664908168,0.006241474174143133,0.03569387106109777
210183_x_at,0.0057238517185372,-0.007018397118633368,0.01423396293985762,-0.002168893216571912,-0.018914858662652315,0.006661558428829034,-0.026546785809906957,0.004720815279629439,-0.012262728703977575,-0.004382326566685545
204620_s_at,-0.004168580045138124,0.005236976204693356,0.02514517677845599,-0.027406390201953647,0.03316109997711133,-0.0011576085900624337,-0.010068718227474498,-0.006360059044525211,-0.016714328752279795,-0.005754241900630803
214363_s_at,-0.013508400745325605,0.008648615841650685,-0.008230506508909375,0.010262334097541516,0.0017983902764930981,-0.018591202500262773,-0.006500234379537655,0.006793803676697517,0.013140565891092113,0.024371583568477673
217466_x_at,0.002271487206496144,0.004188161851549435,0.013998620415240689,-0.004492324071587378,-0.016306486516705753,0.035360783030255694,0.0007872105220641289,-0.016031250860039224,0.008926247023023989,0.016139209240229293
201947_s_at,-0.007110540048829455,-0.012928533563733618,-0.007054069747755079,0.011814919135908451,-0.003016024194873783,-0.010571749575412867,0.0018741000584306168,-0.03595108870373677,0.00520850162501416,-0.007077952056446651
55616_at,-0.00017675310565962805,6.220497424009766e-05,-0.004592489068772571,0.023540321213553584,0.008458451269363603,0.010510516950127018,-0.015744594340580856,-0.0037831507425756523,0.008739664149786684,-0.0528648012002275
202589_at,0.009955859001473227,-0.02214801581043222,-0.02064357049782639,0.007711076061167134,0.002157880058923683,0.02982070799143497,0.022753441315139573,-0.017580646078533383,0.002471670440417633,0.005315146522197302
201318_s_at,0.0042358650175028,-0.007101199406489554,-0.007226271716431662,-0.01662515629320941,0.007077278318814887,0.0013319675904028589,-0.003046141094120959,0.0032045018931111946,0.027332081341390445,0.0021906248671199123
204326_x_at,0.005130427946271727,-0.0005842452903175061,-0.02054838315811224,-0.0060865931154198295,0.01909243513891009,0.016520586007138034,0.006783383715307101,0.003970393293993793,-0.011406583844418493,-0.022045196310776127
207718_x_at,-0.004585572057306353,0.004439276539705388,0.009623561384283441,0.023285521444144638,-0.0016912258728909463,0.013632743590276884,0.01308623650220356,0.028007803115066808,-0.025310168198579005,-0.0015899926615100307
208073_x_at,-0.015671141801814083,0.0031221128339357913,0.0002795769288709939,-0.0016753318556879564,0.0013614547648133299,-0.015920116454333486,-0.02735182534529348,0.027145901589496146,-0.013986389572002045,-0.0025171221951490403
214953_s_at,0.001082698825770895,0.003068409125837725,-0.017637968992314918,-0.006925422555742947,0.005314730529397648,0.01394449886974138,-0.0034313334371204388,0.016218614925637368,-0.012149212962399847,0.010519278419335653
39248_at,-0.00218925088420743,0.002645401901234029,0.0008865475456776917,0.031335469770146694,0.009065143085257117,0.010208953266835078,0.003717787563701679,0.021722784471411714,-0.0015301929102564807,-0.0359090360971623
218226_s_at,-0.01002982073525475,-0.011743016542848355,-0.0067520872811324675,0.0034754157615911802,-0.01701495611869148,-0.025627310104591804,-0.011094187391242554,-0.011569082793353084,0.030689840419137818,0.007837889999396889
200048_s_at,-0.008256590217215302,-0.0036747582683819215,0.0010655788153504408,-0.0033030288631047335,-0.025071454386521634,-0.00023184053125809177,-0.00901561885086164,0.021916210685169146,0.010348757417462162,0.011551635550548306
203108_at,-0.00871397997277125,-0.008598648468216612,0.009224679660954777,0.01869449002132539,0.003616392578354196,-0.008044932778865069,-0.01850077904749608,-0.009216650503821672,0.005901056988434314,-0.017238868526423604
218233_s_at,-0.001322924012295974,-0.01281501022409163,-0.029320086058965893,0.009271045398822918,-0.0028898805213412237,-0.004993954608301977,-0.002974831220080674,0.005970624627227487,0.013137302604426747,0.011452568737463423
202598_at,-0.007997332740773981,0.006847794519800546,-0.006236847430482292,0.004365134460247463,-0.0038451987433548622,0.0036788297729291922,0.010189988922173654,0.0002171580482166222,-0.016806738051714197,0.009735897672180293
210633_x_at,-0.010016182211773264,0.0007740779750104868,-0.003175668044573346,0.006120464306250184,0.0021886523629836637,-0.00848931721353703,-0.012767727533708327,-0.012260946908986792,0.011060402429775582,-0.009639973858648546
37005_at,-0.0026867809833921465,0.006449763043981331,0.020869865818185063,-0.014458297517283713,0.026585765490719063,0.00032830068200442305,0.0035644962128566927,-0.004303455652578277,-0.022979903350637102,-0.005529191247542601
211937_at,-0.015258020750413402,0.014252914963223355,-0.004699227583716593,0.013404123581488141,-0.013996004510380059,0.0051959662065160115,-0.007307315151953204,0.002172991058468537,-0.034679086563494534,-0.003303218861792467
208977_x_at,-0.0018360546819251409,-0.021312632466354273,-0.0034367101980269095,-0.0005592430406273175,-0.006979516504565443,0.0057336867330283125,-0.002943723521299252,-0.015744332581767644,0.0038737668646375853,-0.029977172357137333
201220_x_at,-0.009268792498466688,-0.00018967624625158835,0.00261434908873811,0.014844256955320271,0.005307789658095643,0.011999449586736481,-0.011915587764678673,0.01022927296115469,-0.005477665760824564,-0.003103007572900318
202887_s_at,0.0046167171349858335,-0.017930699527225962,-0.017255593519349653,-0.004066919121474196,0.00809449402866233,0.019206477347666007,-0.003960014243756382,0.005044862661282846,5.53162129942141e-05,0.006522234792452605
200090_at,0.00040614332556920395,-0.005959180821947935,-0.018856267111657558,0.009300885499108671,0.01126800035527585,0.017548199445594645,0.008269980924505895,-0.010251881924768206,0.001553967954247497,0.014347704641252198
200896_x_at,0.0034630367012768067,-0.02539216828359741,-0.022288423580091272,-0.00040182301009811244,-0.005947595829058603,0.02381981895264665,0.004570572609274418,0.017033763374987507,-0.012059506359889074,0.02164582503531962
211748_x_at,0.01381659638761264,0.011488480487896016,0.0004779281069601306,0.019975532399910203,0.00788424983260088,0.015861682440323602,0.015125572573106236,-0.014533689626904546,-0.008332367293043687,-0.013904040385473545
213166_x_at,-0.017511119582039252,0.0022081344300303495,-0.0025205045301828896,0.023042930573708476,-0.00942942607048008,0.004690768690313318,0.0004792408107611983,-0.022946533831350757,-0.014486257953281689,0.010817926891681246
216834_at,0.005029873262186784,0.006704775196781986,-0.005406741604495422,0.00956177225907978,0.017983003931115682,-0.007370642957677808,0.021668302237692828,0.004886672110427065,0.0008391215062414539,0.005105321131621045
213275_x_at,0.0015373716952694469,-0.00871845179692066,-0.0013325831432016086,0.01331550661809517,0.03631022880677451,-0.004445896947563179,0.014334774403339677,0.00514302460874262,-0.027466419419641536,-0.0005426350461640777
201403_s_at,-0.004671228961343605,-0.013516512391584948,-0.00673470868748601,-0.01333491163524417,-0.006648041261477629,0.007513027279807491,-0.0037280143402840912,-0.0034065026008876812,-0.0003052128903682783,0.017248232018840244
201288_at,0.005345956011580714,0.010750750564670447,0.014843959065198942,0.009599271663779238,-0.00202461228352529,-0.0030833203053613253,-0.007452117341386798,0.02450459311537678,0.021574191207188613,0.009654494147052153
208689_s_at,0.007917679227179602,-0.019781827837189854,0.013976077903679027,0.0017452501465729155,-0.026142271529620772,0.0041977495598888035,0.002147094736022105,0.0076673612072080555,0.004364502138020926,-0.007509575421545908
200701_at,0.010201637690929365,0.009918869417221447,-0.011348340158047584,-0.008836247037010194,0.016329728088643303,-0.017693793628406108,2.0919035283246794e-05,0.00928044982874835,-0.0012574482656190632,-0.006299778271396209
202345_s_at,0.004594809644997471,-0.007485558355337301,-0.019513525499267763,0.005300673346172428,0.018123004703986978,0.022860897038524577,0.023994248059653778,-0.007203170014422223,-0.004674302480399718,0.005325753232816403
201938_at,0.005823688599722372,-0.022183391469546624,-0.022209840747981383,-0.005755479140463704,0.01219471230822611,0.014215392228555583,0.004329305743523163,0.021069633193659832,0.007711496911205621,0.013120273547065195
203153_at,0.0027659884624610244,-0.01018915820206444,-0.0014464421339452072,0.022185206881256418,-0.011668876103433725,0.00016363580575651972,0.03980075346468429,-0.01725628152621645,0.006495605182533826,-0.006971717999690527
204992_s_at,0.004251309852348887,-0.02091638993888838,-0.017174945363023154,0.00027114858168696826,0.005421436069413856,0.024120677445204866,0.011544965215049743,-0.01758831500018287,-0.007071933340709691,0.024067716056599714
202110_at,-0.0038721836707213365,-0.002644796644718031,-0.033648649234209925,0.0021876130609857288,0.0055885013930301415,-0.025010442787019076,-0.008060339706222728,0.0058872904380777615,0.03362015475723189,0.0012518574982296994
218059_at,0.005005845645495558,-0.023053929536381697,-0.014716724558248469,0.008575641594567723,-0.0093800193624273,0.007295846792821069,-0.01310655555519117,-0.03363231288421003,0.010031452076540243,0.00683981617964345
214150_x_at,-0.0068150685378367,-0.0022131762532050345,-0.01873257208079086,0.0162178823690519,0.016189890087204062,-0.03032816313057033,-0.0021641470001219237,0.007384835860773684,0.0038857778512643012,0.011238870997113095
214512_s_at,-0.003515793077514066,-0.0025228747530657387,-0.000961138316899203,0.016302068845807177,-0.012505925478369304,-0.01384841983080562,0.0006283322525171706,0.022042545936879498,0.007837185674069807,0.01938103105422917
200999_s_at,-0.0005324022383094396,-0.007074026021804437,-0.018658328435042743,0.01246423584013522,0.02259059619882233,-0.012169309233236014,-0.011046102006435719,0.017772093216305095,-0.00042721652314434665,-0.01873544430012017
212115_at,-0.011655037147696423,-0.015176612081640973,0.00025430772502458264,0.02016975057592067,-0.00509744238857213,-0.008533541295759018,-0.023270863423473783,-0.01719284551317008,0.010958654717827296,-0.006348685323639928
208909_at,0.004738185855364141,-0.006705772808372868,-0.02301448447257542,-0.002558843753616989,-0.007200754930189614,-0.0013714034152205027,-0.00975220438180595,0.004206765180114599,0.022411905814987053,-0.009252518580892825
213911_s_at,0.0038008439648228535,-0.020814597428138373,-0.022024376836557086,0.007767089421397597,-0.004323447237381115,0.000713484775246801,0.010084677751105465,-0.025486705456236304,0.027737894849099217,-0.008563322053881075
200009_at,0.009912652313618394,-0.010914747487355554,-0.014784578524209158,-0.01578790551546435,-0.004941260624024734,0.007619272084258843,0.004702413978868669,0.020075790220180353,0.014244362401368366,0.01154000196351409
204415_at,0.005216473204976159,-0.01552745410205116,-6.571209221491619e-05,0.019235227128553255,-0.014494623400868028,0.004421098251163216,0.03385703854613087,-0.008872504134397073,-0.009858855798410386,-0.012742472881077905
217014_s_at,-0.009523804762675706,0.012608326058570632,0.01889892955352484,0.023084764270910448,-0.013958609576952028,0.01605593311806337,-0.012476784208571325,0.035721117954473074,0.006784689097324473,-0.006346445444519003
210272_at,-0.011987006961263048,0.0055811390705500594,0.014768679913835063,0.031474074508554786,-0.004414682102700704,0.004798073847716835,0.018288435804140458,0.024481853873776892,-0.020510310050122466,-0.010818189260543915
218358_at,0.0068242538754222926,-0.004932938505624982,-0.0077440884502838975,0.011513746643137394,0.00020253949414411244,0.011422197303601963,0.005336364070168311,0.008047479524776475,-0.005834765382074229,-0.0078068112343904535
201540_at,-0.0008099388143073795,0.021913435891332465,0.006560574083566697,0.0011700757321199422,0.023641414046828013,-0.001005584867191759,0.010572106505441877,-0.006672958633923679,-0.008143685945659701,-0.004158996716910362
217763_s_at,-0.010487124125876214,-0.0044838401940900515,0.019929485677817913,0.005040674656826688,0.007224833407415843,0.0061524878212056355,0.005314894521124433,-0.02544826335393354,-0.023479609382448547,0.009897058015170187
207332_s_at,0.013004034323128941,-0.015553785013579976,-0.011723723243762996,-0.005755426208913483,-0.00042626461314914684,0.016904024176081767,-0.005373804576884106,-0.009187933778357504,0.023683422443384967,-0.005470802678120502
221923_s_at,-0.00024992862607859886,-0.018246072522609787,-0.034169665234881574,0.01001339607714303,0.006815922221147519,0.0012070750021325718,-0.002721289775415869,-0.0026908336779603343,-0.005143436870213071,-0.0018487696597163513
200971_s_at,-0.002596636737915853,-0.006035655794571662,-0.017658400487605298,0.009464512822072823,-0.009947894880206082,-0.015967987577950225,-0.0026161289974909394,0.030282447075953976,0.00077286020583453,0.015629590406512375
201502_s_at,0.0019424358026291556,-0.0010833760878829098,-0.012513694277246567,0.015360255924709734,0.015289098994371406,-0.006561166633735419,0.007927576841749657,-9.385950929033064e-05,-0.02177678468838124,0.00019816285679175955
208690_s_at,-0.00530322625886109,0.017069347326085487,0.0030107250953119473,0.01173002865027876,0.007125375430996216,0.003282601488586243,-0.021031142961048566,0.03794411964008368,-0.0022973154606763775,0.004497176797996629
205029_s_at,0.010135681762185673,-0.003954122090230204,-0.0032833940242235336,0.023477026568510473,0.014442155353032953,0.02326390821194058,0.004518474848746937,0.00605039112186519,0.0027401445373549604,-0.020627058666150062
201563_at,-0.008095026752236384,-0.004081621475010759,0.006508022819589459,0.030734308583190262,-0.005206396185797002,0.005393377976064583,-0.017678384313530537,-0.01513725868658303,0.009214818362759558,-0.008985223114303218
200696_s_at,0.0021111208314777076,0.018257060249015654,-0.0057003469872647676,-0.018691734729152282,0.015070662434575876,-0.008863258698975288,-0.007074083469747692,0.017106556744358625,-0.00669179117076547,-0.0056338486797302845
200984_s_at,0.003122230485626135,-0.0013529027812777643,0.00905807660860336,-0.0037088468507357757,-0.002484995408959485,0.017472035146740672,0.023925800914011912,0.025270811460923477,-0.001132275789417997,0.013839278028398789
218963_s_at,0.008402048219053269,-0.008762772512915728,-0.011639583827126355,0.005100724111585992,0.023101989681321666,0.034457237142569264,0.01671391759447754,0.007378899274913379,-0.001558936027954963,0.019312250442685863
208805_at,-0.003164898434067142,-0.017715801416868758,-0.0083874345858601,0.009579627934304877,-0.012917212327000063,-0.028116671575229197,0.0062245927400053375,-0.02402103238580418,0.016704990354364176,-0.004499321775560481
202145_at,0.013562748863763333,-0.020380737201075944,-0.006877080213123416,0.014963679578961919,-0.010238710431755683,0.025571088477793626,0.011605310019703828,-0.012130104587564817,0.00026497401982404964,0.004569501265637583
202436_s_at,0.011751041634889525,0.0005648650534393441,-0.00656213617443427,0.012743204023311364,0.015140334984946043,0.014717215586553707,0.007798487891808313,0.0006305361606611036,-0.005016158738940485,-0.008093881765621546
211696_x_at,-0.0006785067461725018,0.015682666618019255,-0.0008739075085250021,0.009085728907056412,0.008887781293876459,0.008930888457760766,0.009959440835543136,-0.00979432920974448,-0.01721350928250086,-0.013072250527021972
208780_x_at,-0.010764571940764188,-0.014468452928685718,-0.023162334295333296,-0.009745148784575917,-0.00036861442142776564,-0.019047754836657632,-0.02440217871329858,0.02164189806412576,4.6001659524121265e-05,0.020168012889918218
213011_s_at,0.002188676270348504,-0.03142535893208448,-0.02721981898600881,-0.005919688651255023,-0.0079931943176477,0.011550317500536006,0.001945001214965941,-0.0104778077605538,-0.0062950371393348725,-0.008828352741030906
222231_s_at,0.003924348660923565,-0.015234838082787349,-0.003993704688384967,0.0030563528453955253,-0.004999646261334818,-4.789861247262702e-05,-0.014826364801616648,-0.01348524144539516,0.006177888094413885,-0.04838816044904659
216594_x_at,0.006527247016887761,0.001391705290247058,0.0035914057521257564,0.01566821632241542,0.015669967057814933,0.0173507170107927,-0.003997898739486586,-0.00039294463896825417,2.3447886015557486e-05,-0.025551697275654258
217480_x_at,0.022533226557941422,0.0055064702328232,0.008621194746217883,0.028711837192215577,0.006690615246678224,0.0217572126209094,-5.458626967010743e-05,-0.01224336929889487,-0.011322664268959155,-0.0037371376739797676
201012_at,0.009227864420725795,0.006172168357925034,-0.004769151029373841,-0.023111617713938038,0.03146056951022608,0.013845863661769521,0.01880649336353471,0.0025177532886999803,0.01568710794349425,0.014091366250280945
202077_at,-0.00997769082384416,-0.012088020159308757,-0.020811974710451094,0.006686902210572455,-0.009994389056893836,-0.02585768925668945,-0.0023778774205802564,-0.0224011507305434,0.035781951306403464,0.00960612244325009
222212_s_at,-0.010451930538386648,-0.010818080261465551,0.015641602853301975,0.01007647332994184,-0.024858428086395698,-0.004895363586052489,-0.024435083752923283,0.013255239649990584,-0.003265471176100969,0.008234610047998067
201287_s_at,0.010656425156057919,-0.018376689196151753,0.005859384976875442,-0.014706599416078955,0.011679961288412654,0.015264383830653497,-0.0244888278582225,0.007297378981471637,0.013036000623455564,-0.022395535853256873
212251_at,0.0004434285569506953,-0.026015792603422246,-0.025480939491012204,0.005533982069003378,-0.0005108665825703499,-5.233850442860655e-05,-0.00026183266788315106,-0.023933032710893542,-0.00716058094945264,0.007794050039995328
200681_at,-0.00349309195819528,-0.019506965374770764,-0.001939504433416379,0.006341124946379173,-0.013240193650535166,0.007084989982935001,-0.01172667918499116,-0.018211804193664714,0.016719745275460413,0.003744258994437016
213037_x_at,-0.006635785042141944,-0.016072123595737,-0.014879971708099442,0.021004223711081255,0.006952943723967627,-0.020754375338111752,-0.012930730720520575,-0.004048194387120099,-0.011810157629893441,-0.003963727106525625
214359_s_at,0.0065552640224462565,-0.01766755388789078,0.02633016316574212,0.003633999963870257,-0.026197049992441025,0.038438961726479794,0.009087300613543584,-0.016587622903981337,0.0049945247404347345,0.0020679813861294114
201160_s_at,0.005435994650017156,-0.005006879114461956,-0.027952298777468826,-0.007876846810145501,0.016999694036940002,0.021537306263464572,-0.0007808639982901742,0.013212016795073193,-0.01811128650248814,0.013504121465020686
214334_x_at,-0.012653256707577165,0.00986724798783223,-0.024527503073614697,0.002614520913301907,0.0023183156023406475,-0.02794619329021395,-0.01629921311972474,0.02169370267239697,-0.028807481431192286,0.01118580194373157
217835_x_at,0.0036739029919930326,-0.02535746325160543,-0.02440956254823186,0.0005394533673098871,-0.0010816178847021835,-0.011803133811530546,-0.0012311190925898899,-0.00768773304974105,0.023198211661970784,4.775198260439691e-05
200866_s_at,0.013307360283567424,-0.0071676910038753735,0.03310710409728869,-0.011504671605732389,-0.01999130186064865,0.0217165219068958,0.013907788753455271,-0.0008444578501022453,0.0021128345129366355,0.002952099499702891
204304_s_at,0.01288522519135865,-0.010638891327043471,-0.021093912380580313,0.00620975477696062,0.01274039730420582,0.043092933873756116,0.0021184151956024993,0.01397229346352357,0.002606533223879378,0.014057674599865778
204051_s_at,0.00027292931415181187,0.023782721917869516,0.018482605339924737,-0.009483329710575854,0.021630395803627894,0.004775678010299414,0.007414861242283048,-0.018103380962523917,-0.0071135195445004105,-0.005924026528659844
200773_x_at,0.008658990447484553,-0.01326966619442988,-0.010712745272652615,-0.0067292829257019305,-0.004174378721207107,0.008773753072718181,-0.005039121238524181,0.01304580658339129,0.0070521715919106215,0.016812686371258805
203290_at,0.013387766593921675,0.008470168741194339,6.938435707692732e-05,0.015023492863399483,0.013750437463104314,0.006364379913588363,0.013480568848391748,-0.01377523166085687,-0.005125981694092275,-0.004028912476948579
200634_at,0.012000567332140484,-0.021001153246673912,-0.0018999967393769689,-0.026739290315321868,-0.01141769522463448,0.0021776094017352757,0.01084272857890409,0.005236828829880677,0.006855364172896463,0.003648095585426367
210968_s_at,-0.005670591810958439,-0.00423132606520632,0.032551643804682534,-0.0070722163378283106,-0.02135541963387753,0.00938708683913711,0.006484927576237114,0.011445208945507728,0.029258603448835508,0.025176112706083328
214414_x_at,-0.0017318248887400463,0.011378826537154359,-0.0014116754412074781,0.01011103353716146,0.009440701614102846,0.006507373953186566,0.009396337176630392,-0.015301899488779977,-0.016696040967156562,-0.011345664213869793
201163_s_at,-0.002406886725609742,0.017619307584393496,0.005894029670784514,-0.009146946660188426,0.02920699522526596,-0.014501519700217116,0.0075005671861286234,-0.006463249007952867,0.010429124729374831,0.005370087975653802
212774_at,-0.010214137089122713,0.016037178627724653,0.013327765723520844,0.015337040777449783,0.005418576613781945,0.020933460157238383,-0.0036535174848880436,0.009675719683008144,-0.0003369741568959102,0.02073620809304718
202409_at,0.0016901923020831325,0.005496679387405674,0.014633549302742837,0.008513090278894813,0.016332305729634528,0.022754228378677757,0.005283801030161009,-0.012254889739243942,-0.0168410374076512,-0.00282674237071271
213726_x_at,-0.0029740169443909035,-0.02440345448609594,-0.00905130935089675,-0.0026513670547931288,-0.0017652636926682086,-0.0004909989067277155,-0.0015791506701676777,-0.011021570474940628,-0.003922976548675957,-0.0350580947512183
200853_at,0.007044021789251493,-0.02300159833141595,-0.015411503105197026,0.0017253785471823787,-0.010567132705933433,0.010222155099989244,0.01235052239591211,-0.032838589243343576,0.03670940712735233,-0.009241362683835228
210825_s_at,-0.013446584798331461,-0.003112899927934552,-0.018969937454423973,0.028108460897252153,-0.0010787387303016925,-0.008979980283564913,-0.012856974466709074,0.004467927779057264,-0.01605571618684723,0.010497092121540014
200677_at,0.0016126420145599043,-0.012506921862410092,-0.002230723082786613,-0.01656664557118796,0.013246037907211471,-0.0056799413718797214,-0.00038018573092380857,0.02694982992820575,-0.0018478013011288688,0.008589742363789234
203038_at,0.003167564394071179,-0.011339004877052536,-0.019488494915261386,0.011014462108288705,0.01836115681551957,0.017633445036139728,-0.014838106666399344,0.024014284587042987,-0.004995306366104977,0.016324016895859633
218237_s_at,-0.007106330412056589,-0.005164280560828396,0.012168569382601531,0.024285021346264264,-0.010933943292174906,0.007979020072045742,-0.022281129646150623,0.0013577570842900689,-0.0005676102349851032,-0.02048844466029701
210139_s_at,-0.0098917328341457,0.014046153476897975,0.006123505276633437,-0.011305710569791736,0.026820964210230662,-0.016298878764251883,0.003730526507021886,0.00902865316468645,-0.012674509125113469,0.015801017343887398
213101_s_at,0.009402401499963436,-0.020303756212904162,-0.021859373841097512,-0.01793998559783631,0.014787776356831768,-0.014780661113562082,-0.0004210527325044587,0.0337088203244972,0.010366099434457578,0.0038134699192949153
211643_x_at,0.022197690055720472,0.006013912559550303,0.008307185392150963,0.03153949256486652,0.008445294180190854,0.019465140291740207,-0.0002501222611005711,-0.012384012994417937,-0.013779015508082883,-0.0016497204691037198
210949_s_at,-0.0041263802535743705,-0.017434898139138975,-0.006631146892071508,0.0008210831647350632,-0.02187884891288062,0.008213084849778372,-0.016071959765828446,0.015239022453703717,-0.02138027974644204,-0.0018271430820455733
218807_at,-0.017972274987088796,0.014818313486105388,0.00797104058569928,0.01937000800045657,-0.006522640724103546,0.0034228642502553037,-0.015114473748002587,-0.02942637178861289,0.01512062637751733,0.0071964986141971115
217848_s_at,0.008258719529421213,-0.006596525221308043,-0.02158725339148141,-0.0020428423540437765,-0.009796743067249328,-0.004771673606862631,0.006117160120131933,0.00843134876869843,0.012881199606789646,-0.0103944792530653
211730_s_at,-0.014403441004249694,0.013165304621149983,0.0004625852184425055,0.00814833327168356,-0.008394254471680162,-0.018473206316163872,0.0025945672821494885,-0.01458860954755213,0.007359209942595944,-0.013179210065068373
221253_s_at,0.022423682611211773,0.0036602188865176746,-0.004805006577723378,-0.00012803640967700816,0.005204358269495396,-0.003486467439744544,-0.012550482507010165,0.015203581040184388,-0.0020287954665245667,-0.013180002137059445
212488_at,-0.006966100389346948,-0.0013143199463883128,0.021600680257825446,-0.02247393477455024,0.045156714829975804,-0.0019927413326447188,-0.0027764844145155647,-0.013014839961368726,-0.029743465058410187,-0.013163764118780041
204798_at,-0.018285728003217264,0.011770502110938975,0.01524417695876449,0.02449352046253641,-0.008812881276613461,0.009603866881998014,-0.022991536285447492,0.0016823993926268802,-0.011455364389006217,0.03340072319416444
210908_s_at,-0.014003885711298809,0.027429119614262535,-0.0029037349806157278,0.0028869098241329845,-0.0015694577498023869,-0.012935640824914597,-0.003203575166848887,-0.014960120443089505,0.0008882067499562848,-0.0050284832377786555
200838_at,0.014409077497870591,-0.015522918133364072,0.019386997364164618,-0.013833544776831956,0.0071408744581667564,0.005716556830186146,0.021506055406001298,-0.005977744489503584,-0.0024434082681429516,0.0011613738890474568
209699_x_at,0.006206898991717619,0.002144277999437243,0.0033441650204454436,0.018206948118584945,0.01662390810392133,0.01752924904952704,-0.00609540757046946,-0.0008181393850114307,0.0014601050588380605,-0.026683943630878042
214063_s_at,0.0023782059337819315,0.0006782469660199576,-0.009330815960073829,0.019531644862010613,0.016136383689549533,0.026720425503898623,0.015601103039694631,-0.01244790411542257,-0.012822188061439829,-0.0011723302419219977
200761_s_at,-0.009093429740699172,0.019960760294666865,-0.0017529318763941384,0.004118838503880433,0.008726602619958479,-0.016944687355031053,-0.004373939252887603,0.036062281597688324,0.010531095877748184,0.011611743455098099
209365_s_at,-0.003304918017119279,-0.002076048371263354,0.014853667061063407,0.021640376122939207,-0.0010173225103262246,0.003951775261953773,0.010084996868262003,0.006609301793878656,-0.028324750604381294,-0.025106793218723427
200068_s_at,-0.005170139951785041,-0.022397055056462604,0.010395786911704914,0.003521881774565151,-0.028796377358985784,-0.00901899871720177,-0.01665612261777131,0.013640174281650999,0.014261224656557119,0.014661253503875822
215380_s_at,-0.004875568705618253,-0.0132867793955055,-0.013707204114621608,0.008642682779149818,0.000704969777246281,-0.005214503775337979,-0.03505683849966494,0.0021103083932046372,0.04323407874376397,-0.038590129620862584
204031_s_at,-0.001307880681615672,0.0021303401502238894,0.03061337714789504,-0.007331244787434305,-0.032697235035443334,0.016027589050540036,-0.0060486363219800325,-0.0195577319373053,0.006934160140562577,0.002899287804352353
205350_at,0.009753513943165376,-0.007235385055138805,-0.006258466116691374,0.01990751685897808,0.008842099509930038,0.03619461519722172,0.0020529358038089136,0.0051648582735237605,-0.0011281353476892202,0.011846911008688586
202605_at,-0.0034532597602703603,0.004596881872934414,-0.0004257854132561829,0.019486180747005262,0.006350101467467524,-0.0005542846283129435,-0.018495383852263812,0.01955697334880439,0.002417271646729983,-0.032911131783012026
210715_s_at,-0.009168264821290049,-0.008431398935473802,-0.006029705851163744,0.007815280346537994,-0.010620518843223369,-0.012516985255172206,-0.02616414613035384,0.014258240373854994,0.008554552256858942,-0.003307821589844257
217802_s_at,-0.006473334544558553,-0.012928596739803278,-0.012460206632945975,0.012996671165642707,0.012216243086773056,0.012065111106117993,-0.012387511114749738,0.02285076606378803,-0.018820041468850402,0.020904130192746943
200606_at,-0.009838078290986638,-0.011899151464404218,-0.005771433414268098,0.008039832246778029,0.00012258936080100446,0.009573874649820815,-0.010522467532781759,0.017906097683330173,-0.0003727499267920024,0.034581566405768926
209395_at,0.012718536709952724,-0.008517268000488454,-0.014068175545599713,0.011595080243670605,0.015891252552485684,0.03292309647582096,0.019521890641984854,0.010226750417811006,-0.014391073648982584,0.013490939632690765
213864_s_at,-0.00930503080558152,0.014137422763344277,-0.009984371541495046,-0.011141192319780956,-0.007715277918354072,0.004087329427969438,0.004435152652707574,-0.023717620358698163,-0.0020953046905341334,0.013817880158313683
207067_s_at,-0.0014413123953374892,0.006861642213064372,0.00424808890237731,0.029575935259318103,0.004834756980947861,0.023767563606165065,0.023753755134486514,-0.009714158506568055,-0.025275488790992836,-0.02101396726258449
200779_at,-5.2651799536240194e-05,-0.006840800069111227,-0.013434413499323606,0.005436588239839343,0.007462508281678715,0.015709079314479502,0.0015026091272118515,-0.002398254967808761,-0.006728894086067986,-0.023584561550393755
216187_x_at,-0.003051228382305901,-0.010363416501185723,0.012819068287191225,0.024759574175186535,0.014004353613132998,0.016675574197153535,-0.0002615452208570762,0.007327239270872845,-0.03299406690087151,0.004894496165068157
221488_s_at,-0.0044677388739426125,-0.011749452132779543,-0.02147735455834717,0.009694389370680056,-0.018483458744356213,0.006910209958114237,0.009628334601037028,0.013148631185950962,-0.018317276554075432,0.017356028420466393
217732_s_at,0.004181612282157238,0.0154397416199989,0.025135115710259864,-0.017861351803274125,-0.016038844537494098,-0.011485999705357252,0.01228279520802365,0.025047061262850518,0.016866148347308964,0.00953295790915704
202233_s_at,0.0075346858567435756,-0.013240533594523122,-0.033610700799422674,-0.0043511212792280325,-0.0012423242512810925,0.017374050003773404,-0.0054054876375711405,0.0028230478659685906,0.03642839603186249,-0.013325205708541229
211509_s_at,-0.012913531172503129,-0.008046798945116848,0.014824502665561025,0.0030515854827349244,-0.0007975057832341269,-0.01029686666569646,-0.010268455014920647,0.02641390627464569,0.033359375983949724,0.03496763795379411
203316_s_at,-0.010798465496339995,-0.002463456188414352,-0.02318505733107189,0.004385297312718332,0.0002151053733548347,-0.0006207924990427873,-0.009711075236199957,-0.010582326113716883,0.024209694486716594,0.011395975914342724
201150_s_at,-0.009385803457188065,0.0045595679878854415,0.028279117019294222,-0.013993200087636992,0.017626727143597733,-0.0034380023438076762,-0.00032132896501351616,-0.012284463769247245,-0.023837752183584617,-0.006960272838110013
212063_at,-0.0003284888124193475,0.005945611006522553,0.005542652950194699,-0.005220863390492722,-0.0001566894875889148,0.013302462949273522,0.00151009757629108,0.015909021887651545,-0.011594842293008415,0.03659812590523986
200800_s_at,-0.005839064758408874,-0.02045426088343002,0.008808158025729759,0.013474999735329556,-0.0060465645015536015,0.0043000743432097845,0.0034864609752434696,-0.0322437400111785,-0.006981893767333883,0.0148265441981199
212953_x_at,0.006197464797169956,-0.018911113523784485,-0.025503236576762508,0.00978393048825826,0.00998806238362082,0.004251373930348237,0.010755513017730919,0.0265629783324304,-0.014393462467601323,-0.010883349088527082
217762_s_at,-0.014722562804792127,0.0025060633063764596,0.012932164942337161,0.0074374291060897435,0.0170651274509644,-0.007390571104930932,0.004885672842185263,-0.027379263389425913,-0.016709450902184553,0.013349797918851061
218213_s_at,-0.004199724995919303,-0.00421184614069609,-0.03669558003037351,-0.008057331916463115,-0.0008077684915790396,-0.034271730654374,-0.01763544594330958,0.006899723158084388,0.007769551204330336,0.012009002058506463
201721_s_at,0.021071752472560955,-0.002978848114947787,0.01706743942923749,-0.0015312712436436019,0.00546561040055793,-0.0009463507070519371,0.037106395280737656,0.006695582114284779,-0.011215888743946224,-0.006592199929414379
220625_s_at,0.014616378691960337,-0.008870384653812156,-0.0192346500390083,0.014589834772693206,0.01773177920754334,0.04228290281804969,0.01465289277366727,0.016680306942410333,-0.0078082709263101995,0.029601213789187193
206790_s_at,-0.01717983087231272,0.01352243698761166,-0.018640553374848042,0.017177330966519452,0.002521580116213987,-0.03096853643290564,-0.00454558473193717,-0.00616366974709005,0.013990006034409003,-0.011620469159425044
212857_x_at,-0.0063469479352492465,0.00019213702020708798,-0.004144710847864453,0.025672023322166754,0.0030159277227535955,-0.01932135895709972,0.005451804230954766,0.011734823852044886,0.027692215930851537,0.03828047183805967
200006_at,-0.012365439084750192,0.000972638490126673,-0.008557527240869639,0.003764282691275873,-0.02652812037412846,-0.025008859387347444,-0.0025175800137395734,-0.009692650908122737,0.016779638864026843,0.011128902383946782
204268_at,0.0030212027434311337,-0.004041726143045763,-0.010422506580591523,0.0049007158789685515,0.024902992387522548,0.024442441855105725,0.022834283081316045,-0.002818836778196627,-0.026992861844091175,-0.004924999886184073
201892_s_at,-0.014009109706375568,0.01634570625578125,-0.01009707576608141,0.0023765479460611865,-0.016786530769070118,0.011691036907051233,0.0016392584958499427,-0.016374820200216963,-0.034183848532076164,-0.010170227383414806
214430_at,-0.007673703177134976,0.01439580548629922,0.0009353113032255424,0.017906530326852146,0.00048209885219319847,0.0217627561051894,-0.014018225728789073,0.003522582880116625,-0.02166614972567942,0.011407166669342415
205357_s_at,-0.010078071206298212,0.008789322084652265,0.009820176668784196,0.03647268800965735,-0.0067906337485444815,0.014861219804073558,0.023412656817967455,0.00692090899939563,-0.007434276534306859,0.006841111498310858
210648_x_at,0.011894991273973242,-0.008879053492627647,-0.010953244547828166,-0.021299711613599476,0.0040249676706337655,0.0021542929684787108,-0.018640363002960732,0.026715208125446727,0.023645606149505536,-0.0005314844267715772
202237_at,-0.00261180513319326,0.0056297626181283774,-0.012770290450603128,-0.007261584827779808,0.04261511201830862,-0.004267791615273275,0.013369488393182274,-0.0030241701685830855,-0.02415090490765711,-0.015128839864291636
218190_s_at,0.000723642938694535,-0.011385746708260393,-0.0007683246086879378,0.0006535603831326525,-0.022250016666210095,0.0011006270065837243,-0.017763911942422876,-0.007286528604942516,0.014287562649170577,-0.01790658342392101
200618_at,-0.006197629790918712,-0.002670600583573579,0.02276738265353168,0.016869531928988057,-0.015571079781626215,-0.003578136132828054,-0.0011464184467084332,0.0050852246976280345,-0.0009082148455251269,-0.02859660356887012
200840_at,-0.001442413518954024,-0.02060657999026149,-0.039730308249107775,0.0011688351341833877,0.009524790430998594,-0.0033439416572026925,0.004986379982028423,0.02281904377272265,-0.023415564188155016,0.01321932028216039
209806_at,0.003286131471163837,-0.015483156474130065,-0.007533131890050797,0.010476325504211653,-0.005998971093639279,-0.0026148056719861785,-0.004732127953207765,0.009493821188555938,-0.004111640266870144,-0.01727836053012713
201762_s_at,0.009221762627319045,-0.009366078027091404,-0.013409520655013647,0.025746486303070894,0.003152554883997128,-0.027592419249393967,0.031998551268738594,-0.00312356377909647,0.001279338102746796,-0.0038567607864197716
201842_s_at,0.0036847443622798895,0.015359831633515212,0.0043274957600882005,-0.003485237384043007,0.021031847834742715,0.009236712297583249,0.009475392465664373,-0.02582763549157061,-0.004969356243145434,0.010558770218139373
203752_s_at,-0.011093392310725633,-0.004302525651807187,-0.012448818342374395,0.011351297285784927,0.0020040277643697305,-0.021160558545470397,-0.015621479384881096,0.023238065094704035,-0.015953178050718008,0.01105074218482525
214211_at,-0.010860460861624757,0.0025460872434214035,-0.0011939954250816452,0.015081508551325678,0.013505246223566397,-0.01047447968787307,-0.013740581035534005,-0.002997297919484883,0.005676831036677581,0.003939463636051227
203892_at,-0.009769442766908103,0.004707534777649798,0.004025242321325,0.02885827754951182,-0.005988857053201001,0.010059644905876764,0.005780399098457346,0.0132332516642303,-0.022793765060961715,0.028341189132804784
215230_x_at,-0.008400725369578426,-0.01063295828498386,-0.024991793278296745,0.005373011514117901,-0.009542287376612375,-0.004551033847546867,-0.012255156750194536,0.017592311434504147,-0.025129591494185522,0.0005899881300580766
209623_at,-0.01272560431313583,0.001529370111665804,0.02063266096071874,0.028205941822409514,-0.017154354561149696,-0.017550420933992436,-0.005793090713176827,-0.00016651519598223484,-0.009979570288301261,0.0016582784873849655
200043_at,-0.011448758865910917,7.151796950839181e-05,-0.00470467612722903,0.008023130484405441,-0.012681550088956156,-0.016204422138034677,-0.006904090022060123,-0.0034094896640470694,0.03526770953021609,0.02479707560322723
209189_at,-0.0043186951265862935,0.02209843329415065,0.013223318277011328,-0.003673078130277407,0.008287337345112196,0.010255730539893513,-0.003508100461076234,1.4685818521971806e-05,-0.011360271082909663,0.00933676221908621
207244_x_at,-0.006081147831962553,0.005628690216541046,0.010735662689521466,0.02393238491581082,-0.0036360360148370574,0.012920677758741535,0.013874709773568587,0.03510669921204766,-0.028500774032465925,-0.0009432803070605665
202336_s_at,-0.0011080019898646316,-0.0012270253798842773,-0.0028363629220786364,0.0005242883104037562,0.015896646421538343,0.0077484989828378,0.02137177842300974,0.020873649625118403,-0.0006114878984755732,0.021524325591918275
201251_at,0.007591100166185537,-0.0241612635643287,0.022584914715226646,-0.017987215495967546,-0.012449210881053224,0.02388986353487154,0.007822362386919943,0.010011873522696831,0.009530528132961189,-0.015870462301058614
201388_at,0.0050292289243978675,-0.008325453502074009,0.0047608409509877925,0.020044167182347764,0.002229424227725253,0.020866873342577003,-0.013958193729466918,-0.014192650497446946,0.020093305515202137,-0.060367663966214916
202071_at,-0.008695201371050391,-0.008464180220462133,0.01957206887031307,0.020275332608888273,-0.021243484699541643,0.008500662349514533,-0.01758986720775417,-0.0072597330437676735,-0.021057347254518563,0.003215426054313909
217982_s_at,-0.007474985164832921,0.003526333474015339,-0.009678124549382452,-0.007723802495583546,0.008826107748443992,-0.015481077967716791,0.009092855508918411,-0.008060473791946063,0.015513797274504556,0.017041818119871537
200897_s_at,-0.010279659576184687,0.008289660103673659,0.013383593087840057,-0.029403118515793792,0.03814840488514661,-0.012702008485275567,-0.01676689406449931,-0.007238734194053421,-0.0019038670440525772,0.009714640187720718
206323_x_at,-0.0009376274397066154,0.010582247671562826,0.0004111082757520323,0.030733026341289372,0.017768325999368572,0.021587921539328918,0.0147384421819573,-0.011590044988143556,0.005229982668158283,0.00223242843758386
212543_at,0.0038675872651800407,-0.00514496978477577,-0.008974134349468534,0.011179696743888733,0.015144117084071776,0.018434260085861538,-0.02684680664746335,-0.00019095673878470634,0.003871971523757168,-0.03395792940272649
214320_x_at,-0.006272614539334995,0.006205815522923472,0.012169359055141016,0.0252772512817734,-0.0047493280768115586,0.009328138976580387,0.013238427765392025,0.0365432467458911,-0.029279228707198984,0.0006544853415178718
201306_s_at,0.0053924119273538835,-0.009862073937866757,-0.04325295995015305,-0.00799404258553595,0.003477548608799955,-0.014842787963843215,0.012375722633703649,0.011266824704480448,-0.009380850514626475,0.009347660210102637
220217_x_at,-0.00032485353379220396,0.005512398346622534,0.0028649876060666568,0.02475345041129765,0.01357372107571413,0.023411581537523787,0.013912411821991742,-0.014656931844515598,-0.008065991415415943,-0.00999850390095959
200944_s_at,-0.008178505688362463,-0.005591233584105142,-0.02691863770771866,0.001734376487860279,-0.0029909625316330373,-0.03020295658311102,-0.01792354154179328,0.01670545302046732,0.013987697885122146,0.008399691224604945
201185_at,-0.012550360910244666,0.018065172425834303,0.01924193143791497,-0.02795205075108976,0.035896466193945,-0.020990529183114528,-0.000978930267770106,-0.01081758054926323,-0.019995998984903934,-0.013010636957897427
203430_at,0.004307647115344412,-0.01734722490655852,-0.02377483148620922,0.001305127288251017,0.014502941168491153,0.024223815010620285,-0.024654146544602757,0.024022508558098156,0.022794954364244332,0.0035643133643565614
201069_at,-0.001172627706271081,0.014458047185458737,0.01896629637356423,-0.029423402414262056,0.045370037496234014,-0.003907126636594138,-0.0006650617535920763,-0.008110786132470224,-0.019742489871246174,-0.0024463771553516304
217284_x_at,-0.001279936742630512,0.00022989074931664937,0.013170269379348329,0.021262031121680163,0.0034851754980228535,0.03011842212117715,-0.01608687450064764,0.016415006198713982,0.025451481780247632,-0.06061844471824929
201400_at,0.003614429193950799,-0.017130732235852836,-0.0015348650393420607,0.006938569260916597,-0.007973082530130623,-0.008271640673561384,-0.0056888355967856475,-0.008557243482154038,0.0019172796092308338,-0.028881529798530058
210046_s_at,0.011787900873504667,-0.016159606929773643,-0.0060604975626130505,0.005500176310929413,-0.00443922355902253,0.01887478024801523,-0.028977566776791853,-0.0028200958462186107,0.02848086819820477,-0.03633756187699033
216984_x_at,0.025462583531429182,0.003513444113424863,0.006279607931717214,0.028061053653959514,0.0026332125092266333,0.020821677563990316,-0.00292251592034853,-0.013430993953137306,-0.012198314998380802,-0.002762742021816259
211295_x_at,-0.00594540000283989,0.005558854264721252,0.012228623462467803,0.024726008222531553,-0.0058328920993718295,0.009652982054142948,0.014765293182473669,0.03755628687814642,-0.030474256518516013,0.00010211074579326561
205941_s_at,-0.011938891790905841,-0.004245328722323841,0.026427021821825117,-0.018785630035087663,0.040197896572816645,-0.00829835569573264,-0.00403205785114683,-0.01995501764074821,-0.02348538508061007,-0.022952497987972373
203878_s_at,-0.005628537330248304,-0.017740771415425453,0.022243706338762964,-0.017303968043038104,0.02874952999780713,-0.0029853183313266894,0.003908307292447707,-0.025846097807024057,-0.02284334200114207,-0.015829188107250963
221728_x_at,-0.010259765555544679,0.01655815763981749,0.013651590637409458,0.017563395961017116,0.006085100832097489,-0.0002285844626643118,-0.013297927604581114,0.020718120779491162,-0.027304998792226677,0.004758823279136246
212085_at,0.002886529664515912,0.009404358872110849,0.010718904101130597,-0.022854036723387382,-0.024785273926085132,0.026220871592467783,-0.024048428487530436,-0.010741219987902641,-0.014120047156084682,-0.0168812701214969
209014_at,-0.001956222839425511,-0.023916480093351185,-0.011803508560471904,-0.009622784828463384,0.0007643029279717472,-0.010695925667228023,-0.020738814090281523,0.04028991139630363,-0.007573574694904557,-0.03159170646900973
200091_s_at,-0.003150540845324665,0.031048574865189298,-0.019047958038210168,-0.0062899623680186855,0.0075991689796852105,0.0021187738928653247,-0.0006609301457550309,0.002031436285802307,0.024025011673769997,0.02388478966893472
214288_s_at,-0.006235331376543832,-0.014345430628493498,-0.0298364139280794,0.016450625794243473,0.01344035366461245,-0.023101821060537465,-0.001226161650773993,0.013047664993392605,-1.809724593156338e-05,0.016493516733628158
213738_s_at,-0.009156336123228305,0.0035005471752531524,-0.018664841274883704,0.0027665942433054125,-0.02279519954107621,-0.008858516929865458,-0.0004192465283200987,0.005472847772361374,0.009884015172965985,0.008523050923799699
217756_x_at,0.0075469206590463465,-0.011137700374734076,0.03138768270440602,-0.016660181157514258,-0.02770788817174734,0.011715673844048488,-0.02782257421482022,0.0005498843679828423,-0.01722705494189534,-0.013292057918894509
208616_s_at,-0.018715236659812482,0.007179953097237816,0.003173504166580622,0.01727133253485559,-0.012770693391391095,-0.033142004377739245,0.002668692635677294,0.016386058037935577,0.009447490301277105,0.023394610347671436
200059_s_at,0.0014248034695989687,0.002250821385569269,0.033867543318952656,-0.03001725751992453,-0.02957045595044336,-0.004296437087435728,0.011332021607832305,-0.002307372995604358,0.022713583265261482,0.008419622706455753
209101_at,0.0009638519123984768,0.004115694003309025,0.020510337041824003,-0.021697043427805502,0.0288403190420452,0.01694543685487157,0.00891082842447364,-0.006380155430587554,0.00035210451994997517,0.010755048209866206
206291_at,-0.0025296235808748564,0.002307677904938824,0.010743133276284296,0.03235765652933014,0.003026485172357951,0.02431033285426344,0.024859588425613154,0.0037512389882386438,0.018163740682943016,-0.02406568401193619
210095_s_at,0.0065145162090072045,-0.012455649948970604,-0.003595427654126117,-0.00977127506708397,0.0178963784960007,0.02662449521047519,0.008453543864101866,-0.011451465938629769,-0.010515590664034765,0.009509945810055135
201597_at,-0.011936054234620342,-0.010382317529398524,-0.02466542929943238,0.012973271963704456,0.001416507938076445,-0.016264410853583742,-0.018469672069696248,-0.0038149128644514693,0.026046389258486104,0.0035635382155983567
209492_x_at,-0.017018738530342258,0.005608455458579649,-0.02196068553325522,0.021493265419858538,0.014385278839126582,-0.020738448946221538,-0.002397875754441458,-0.023785841779360346,0.014531362145704321,-0.01698566173251787
205812_s_at,-0.008643594995086582,-0.014982744799097555,-0.03283508091830604,0.0023606383930407115,0.010374148390432405,-0.03875043098023265,-0.009629841555655957,0.025329059031529877,-0.02100774522100834,-0.006904576958446347
202698_x_at,0.007259608996039922,-0.009214221946664106,-0.030147428689954965,-0.009246139354301222,-0.0033372130627762646,-0.015055801024983224,-0.012006504125751568,0.01764218057611662,-0.009950838765262543,-0.020099067043256313
203571_s_at,-0.014478314705575715,0.012529305354908747,0.011624141311798892,0.01856091022443776,-0.00146320355536357,-0.006455980713152853,0.002680206245961408,-0.03368784570634805,-0.0050943284343726615,-0.002707223074133128
200647_x_at,-0.008715461340359474,-0.013909654647438556,-0.01766154454536785,0.0010313931687920615,-0.018860420418422348,-5.460716399610644e-05,-0.02024608498514951,0.014238224094947485,-0.018411896067273642,0.004233785919064399
201641_at,0.0041940465711768566,-0.0036678271146707176,-0.0025748955211658533,0.017227226793388627,-0.017088636459094197,-0.008882904972123911,0.029788241820148297,-0.014616552341056308,-0.001245422974501118,-0.0008310715541162334
204151_x_at,0.00710486967511432,0.002273806605612607,0.0030193940501752874,0.013260204546018244,0.01823510101954323,0.014080817744198742,-0.005757353079621187,0.0012966565499979844,0.004621559380779111,-0.027064667935533342
266_s_at,0.007487028771488648,-0.016117282827516358,-0.009305226132638017,0.014709596792481626,0.02442499484151061,0.03252578845390445,-0.03389466279067161,0.007682821577142348,0.03401433786895334,0.011613556031707644
202244_at,0.0016972782569862025,-0.021050178153186237,-0.03805142711403869,0.005192179350701762,0.0034967921559738374,-0.002066296440469479,0.01269450745483075,0.016593301174749678,0.013002390117278178,0.02505745080307902
213975_s_at,0.027901121616012704,0.007303290228953802,-0.006563554228557,0.012453591821365928,0.019705215746058505,-0.0011393881994865563,0.0300227876989679,-0.00599500372091417,0.012090256818452398,0.008379837187577338
201261_x_at,-0.005286305156957048,-0.0008251815719638324,0.005208248750345165,-0.011288425338169095,0.05043777282439125,0.0038628049483940973,0.010515341226802317,-0.0068943621898372364,-0.03396792107466932,-0.010177339985328658
AFFX-M27830_5_at,0.00683677512325271,-0.009768325098906185,-0.013282287138793874,0.021297083600211073,0.0150480835987662,0.016600928019193398,0.006168018642111757,-0.005249539877669848,-0.02211299616141489,0.0031295839723799305
217764_s_at,-0.01627242086160202,0.0008680351180799531,0.011086622428682634,0.0005632509428923845,0.012530172817318637,-0.015225338613557259,0.0038048320458303145,-0.03168769183883266,-0.012700699270254672,0.01698399297915596
218205_s_at,-0.02020489345105703,0.015017591151684133,-0.003086225326628488,0.023486407789581457,-0.005095466794902214,-0.012093507346379087,-0.012281146799886965,0.029443005963879842,-0.015431629195162186,-0.026404232590975525
209016_s_at,0.009887477317406454,-0.01149579228342935,-0.004725139869837631,-0.015300837590114878,0.01592276619827157,0.0350578195920617,-0.031423180527908365,0.022265474300529765,0.029811319459021584,-0.04473681503921879
202391_at,-0.002699628405877884,-3.0855990007024414e-05,0.011834267124647038,0.017805196701240703,0.001908412546505887,0.005522644222961201,0.032873932773055815,-0.002432157362503073,-0.02662105276909948,-0.014606341403522979
202388_at,0.006708417973554571,-0.00024808378315576313,-0.016733992489010682,0.007901863583848071,0.028848348836878267,0.026723230920378285,0.010713831596985341,0.006022912260609657,-0.01317175116789596,0.015391945259677265
200912_s_at,-0.006647673638791173,0.0031738105545246454,0.008543817124078782,-0.005287306903076314,-0.029164855238025807,0.005375517790460886,0.008353230186039626,-0.0040040868981745005,0.0032524011628688406,0.015861567825540216
217838_s_at,-0.017755243846775688,0.011413442115480892,0.02927819312404556,0.03287957302490519,-0.005951630994418072,0.002612286654189894,-0.0006763284371017362,0.0019239581108859588,-0.03552210873607282,0.018024564376802173
208712_at,-0.014081986393676986,-0.004873017995983615,0.014529790822229499,0.030488005060791495,-0.01439768271343075,0.010589849027850156,0.019277090713435897,-0.02686538981338637,-0.031555827628487146,-0.0035067559368404644
212195_at,-0.021432331668468897,0.025329230523773803,0.027542230251181184,0.024029860508712055,-0.016693902277463372,-0.009543307833326783,0.01008376800409692,0.010532703056150257,0.008809007252159131,0.039457582372698335
211452_x_at,-0.014630007528054604,-0.013939008290404335,0.005560268796563019,0.024989948149042596,0.01594034819692945,-0.012261460995141197,-0.01169541840561025,0.027160295364642484,-0.03253311350357982,-0.0014244794043252562
201884_at,-0.005509049867556588,-0.0004350928369381105,0.01305802425843037,0.025639660190884192,0.0014024330941275883,-0.0024761343345281275,0.018566895326385967,0.02172554021623691,-0.0003899645679170939,-0.0416685788880409
210927_x_at,-0.008730138976470195,-0.00841762033322539,-0.009119337927016309,-0.014767828617766923,-0.034852363830125514,-0.01605573926301336,-0.01622160587060526,0.043338711063298015,0.001551350862395915,0.009558714940578547
208668_x_at,-0.006333635252958958,-0.00988323258445373,-0.006144578543310791,0.00640703490257746,-0.018842066894251,-0.020754426338800265,0.018372626094517258,-0.0211828949006439,0.018334395363423347,-0.0020226081286136796
208682_s_at,-0.016843529925490007,-0.0008202389205733215,0.036320655593164365,0.026149997667047776,-0.03208402896659544,0.0023131955293661448,-0.010412217556411531,-0.015560747470780545,-0.009902911288865864,0.01188547084536239
207573_x_at,-0.003690006912880879,0.008760241195727011,-0.03958743215483385,-0.012934880954838504,0.003113571435801748,-0.018275035005762035,-0.008947761529887542,0.01623861554727549,0.021786478477502726,-0.003289301185233315
209123_at,-0.017663669046107056,0.011205700479105338,0.017901619965785473,0.025288201502231145,-0.012567280516339862,0.018402568173840568,0.005332424432093537,0.008877308486993512,-0.014455670065232943,0.008725708047365754
209230_s_at,-0.0030813561686800837,-0.01567896279781919,0.007989417372149175,0.008436944712389248,0.005036222559074526,0.01215776023904429,-0.014646161196066734,-0.004548218969069572,0.025049673679659608,-0.004256391466617597
201530_x_at,0.007125865059182691,-0.02923742354399922,0.015017772487183398,-0.02976518557168516,-0.04327847275251609,0.012826069941795257,-0.008981859773936545,0.01437141685103477,-0.03702137287386038,0.013849659572657476
205547_s_at,0.004642116857143099,-0.0018367197384996769,0.01918499837020157,-0.03579519829022786,0.03298948915479413,0.021086037866785576,0.0032239199704747544,-0.000596702368491095,-0.025987104181595763,0.0011070208601369627
213881_x_at,-0.004955200190555012,-0.018426648076602405,-0.025465494705074303,0.008739460121597955,0.002631064881127221,-0.024460136232610334,0.005476488204674144,-0.003408657372890708,0.001899772159333447,0.006662505223555053
208683_at,-0.002163204763404939,-0.005387925203605606,0.002668049818916222,-0.010561079913397544,0.013620839222058955,-0.009682437074492697,-0.020968280053442957,0.06593070635342825,0.018400729513736766,0.003677960869195955
1494_f_at,-0.00703167672627183,0.006009667736429756,0.013881106860674015,0.02587605608407724,-0.0049680321609232555,0.0050808990417789655,0.01215846137687889,0.04239073076722061,-0.030932427398181427,0.00410434196755437
210532_s_at,-0.014837733771812411,0.002791301165256774,-0.023714352622780085,-0.000625016123715018,-0.010033710909556067,-0.03751835226908277,-0.01901966025592991,-0.012905156510738007,0.02673345336288609,-0.021318526885394172
201061_s_at,-0.010797002010550725,0.016555692051850916,-0.0026876832914309486,0.010408794543874491,0.013788519144922283,-0.011069041184735869,0.004426035771133992,-0.01332452251511573,-0.0014538466293963096,0.0009139248237890939
201029_s_at,0.00035571183863231565,0.0025567101163225803,0.014014326985842875,-0.026698125563420428,0.030191421794940557,-0.01763097795870543,-0.02558789608982333,0.004154854544276441,0.004082260140137971,-0.0356122193420802
221872_at,0.018006751177355194,-0.012417226436301521,-0.02004920826655388,0.004557321406573716,0.01908048006444288,0.03792248209021157,0.009433514519392177,0.016670487599355036,0.0068434218386024615,0.022601367913978553
206461_x_at,0.004349402306236597,-0.003760048470152997,-0.032204639773952694,-0.011198564260995391,0.007662457839406138,0.003057453123116149,0.008262765085023013,-0.000210130561017105,-0.008022071194662606,-0.053960717380213
200639_s_at,0.00502304463155633,-0.03344428864581505,-0.021612349885126957,0.009361045424626341,0.005642833214756706,0.0059189534753535025,-0.0147573786286827,-0.027862931290673156,0.03223894119182052,0.018574366197378497
200754_x_at,0.0036907021724366545,-0.024920706586128032,-0.00821033970581082,0.005355024769727034,-0.011042549890057204,-0.00397397929812661,0.02066199033821429,-0.018421100951866946,-0.00019046294069087897,0.012967975057138476
214777_at,0.0238806026589408,0.004371334420822927,0.007617113130598082,0.031233976533930983,0.0034126691215857394,0.02213827405468296,0.009166056481929636,-0.014608987584494389,-0.013686016578442763,0.004214974672755893
210514_x_at,0.02234975999378749,-0.008972693450869875,0.015310082024752092,-0.0034856949351079643,-0.013320578587581035,0.02516964514281342,0.05130320192762898,0.0034290505456896943,-0.0031689145873058018,-0.005819356182844286
209008_x_at,-0.006437667273984744,-0.02164710714753503,0.035629804212734366,-0.0049408473691801725,-0.011974647376744968,0.0022454328023421904,-0.021454818264570963,-0.026136087749698764,-0.013438966247356484,-0.0070992686631058
213492_at,0.00015868726228178374,-0.011241570833293092,-0.0036500557742839487,0.020932866872752802,0.006444757312740215,0.027850416227070827,0.01693600937497777,-0.015465548253153435,-0.024394342291282074,0.0009615522858004758
201243_s_at,-0.013932185318475312,0.008680612453967682,-0.0012571057947445637,0.000355068180472404,0.0016801023602646514,0.020579811981066783,-0.011905027033715298,0.030516079799070273,-0.002125679437660487,0.01909566984822348
202833_s_at,-0.002365514295054001,0.007857617135664402,0.01473746990653101,0.02391476755048405,-0.00960049094897046,0.011588923182446052,0.023215099955709757,0.019588768077286576,-0.020651703160503573,-0.00842898285377066
200033_at,-0.002541404935767038,-0.006192352409708441,0.011689995944725232,0.01289289603840799,-0.0008543130190789403,-0.023676077701846522,-0.00014738803436954283,-0.0068071866975422685,0.012161532211746609,-0.003235149080423276
204971_at,-0.00013798589105262286,-0.0007060674711145136,-0.012333550433092774,0.0209325823160589,0.012203132112569398,0.00448530483847843,0.0027940518929086746,-0.009268385256093548,0.013617168438000862,-0.009698895695791451
208627_s_at,0.02242876121920687,-0.02170271856244031,0.0025294861389449043,-0.025321921802999595,-0.010089891632703987,0.04914563786067763,0.006920835280489005,-0.007435294200646311,0.01610191791893181,0.0007554486133285915
218450_at,-0.013470556474992724,0.0008024206062303,0.00860501754853642,0.030626879487775958,-0.022116578748025927,0.013011652159526167,0.001243536203519783,-0.050790499853678436,-0.000724184454148866,0.013951131302930674
218007_s_at,-0.0176029294508408,0.02260723287827946,0.008286228465595498,0.0020033027249056227,2.101155812593964e-05,-0.04165995420657906,0.012959920116244862,0.012045777383318714,0.0093790410393195,0.01874932539300854
208696_at,0.003962479645987373,-0.0288298791911607,-0.02603466456296114,0.015542335508891414,-0.0008614267288930867,0.00996086724485148,-0.0034301308708994858,-0.023228252137045515,-0.017627796338468067,-0.005403543471442672
210434_x_at,-0.010684922410109429,-0.00903371502001575,-0.013836311863298714,-0.009751636407871361,-0.03355562875472706,-0.019535358058573597,-0.020830438689278585,0.04619844465397475,0.002738600842686922,0.015319494684969388
200985_s_at,0.0006281235569586156,0.0023215930838612706,0.012941174023890103,-0.010209777239790174,0.0020390138071419055,0.010461219747229168,0.028162477251289206,0.03499913032405644,0.005368230508121068,0.018719937519553507
212708_at,-0.0024588593469525664,0.0006643724975294803,0.009209323175061785,0.00907285583673957,0.0013839837547311323,0.007204323998611061,-0.03047432456627667,0.008816410511523532,0.008974667335510254,-0.06523101398562901
202081_at,-0.0027259283467898914,0.007599089432992599,0.007362888376633476,-0.017992487582334092,-0.003821737470245,0.02147055505598125,-0.016583596191101693,0.017727338742609094,-0.016099817349415742,0.02284468432709056
204041_at,-0.005559675695329739,0.0009613351775228709,0.010572349859318686,0.006250399118438702,0.011750483146765788,0.018221311006207868,0.0005283831964850284,-0.016364209903488552,-0.004432452547498402,0.02966572534555545
202458_at,-0.011248449602066274,0.011941702463640881,0.015126127823300932,0.016222771926272195,-0.007280040784358612,0.0019112243952745336,0.023484137254313434,-0.0018144218464527554,-0.018236249746445297,-0.008819417671004115
208656_s_at,-0.010364277269162721,0.0046476828545996395,0.03495803140532813,-0.007318414778354788,-0.03349295728653444,0.026019715798563523,-0.015952057180256708,-0.0029060598738802224,-0.012619105694203157,0.01085796175504276
210211_s_at,-0.010238375823368829,-0.022738500684285932,0.0014376202269525346,0.0005127643517993808,-0.005797960413415416,-0.005250721031714901,-0.0031938075858191036,-0.01830408222901037,0.0367346153620397,-0.0022266489130171436
201820_at,0.008140772270738776,-0.0023191929131424426,-0.01904005622615254,0.002402490425712837,0.02413016149821734,0.0311758925957592,0.03175262924581545,0.0057655364549749535,-0.020596821471880356,0.001217976810345143
216401_x_at,0.028646035186063495,0.005054055557291759,0.008336723654278877,0.0321993809962819,0.006710424827007729,0.02196205186599261,-0.0014015510378825931,-0.012183696209274326,-0.0102647720504779,-0.000891673606109521
211799_x_at,0.025273173032814084,-0.0070962964319670335,0.01999149878088334,0.006902470330293058,-0.014664538650605175,0.021181546807275988,0.052708834491702744,0.006632507129296882,0.005425787068730503,-0.0027351294815666093
208549_x_at,0.0003941713335997399,-0.009182123899411917,-0.028659167029476327,0.006953409113563323,0.014694547068545706,0.01089139260996348,-0.006729824839177367,0.01949589745601772,-0.020921551141999846,0.01844468165887822
201744_s_at,-0.0059748837391744814,0.01996148232105272,0.025871338609294765,-0.018839842508420038,0.0475915774984418,-0.015367993867157953,0.00240344459055498,-0.022060858470052,0.011689569866151576,0.006822066511425105
201506_at,-7.89208942330805e-06,-0.016684887832720503,-0.0009567308332044242,-0.02346043121953339,0.04293128728234937,-0.0031847897238702692,0.03585100979607137,-0.003574369559058037,-0.015187870023968023,-0.014461847831176497
208845_at,-0.007349953751987842,-0.019154131435494395,-0.03102197557466853,0.022837157497053954,0.01024114269244892,-0.0033703129937626254,-0.0036432181929415297,-0.01965390773709792,-0.009141801783367884,0.0067103650798916465
200034_s_at,-0.006451510518990154,0.027334034743614555,0.0033281960711107977,-0.018405498325938664,-0.013562388474482148,0.013406598940722556,-0.012283248906191693,-0.010664119028479382,0.006152268081609612,-0.003631333526052338
206463_s_at,-0.005394891033600428,0.0014739305565084277,0.008484403103001118,0.027046363389678005,-0.0018441522554693834,-0.0021666524326417265,-0.012645077558635079,-0.04625013596880572,-0.019370316011085253,0.002875646545543826
200065_s_at,0.00471640699624202,-0.037580096259026974,0.018209160152178265,-0.020075332638101153,-0.03967979496906978,0.015264692030509728,-0.03557566126524172,0.03963391047507982,-0.018735800241714406,0.00011482002547495436
213905_x_at,-0.00563646949483722,-0.004264533863122927,0.010350844687543846,-0.019149658699185116,0.054338652320234895,0.003064665206678781,0.0120076078037649,-0.00319898311447482,-0.03469659989277831,-0.011062931504107436
200077_s_at,-0.008274535293834775,-0.0017135713614969638,-0.011420564479001867,0.007097381288453819,-0.0015615033249461276,-0.033027746990303794,-0.0031063331720050783,-0.0017707516279959843,0.00673812895534015,0.007292554274479986
211999_at,-0.011943005730133013,-0.024869367167101357,-0.01160447626458933,0.0014705836149891665,-0.011566425723581604,-0.035053777239321786,-0.007899333909620568,-0.013785395506472757,-0.0026448900106304787,0.02074568975486829
203304_at,-0.0020967996642622475,0.003857946886492968,-0.010193183909278706,0.0050344154819949825,0.007235503752928702,0.028565804181649022,-0.010660681636603565,-0.023059091842206947,0.0068114411183866986,0.006645715009336291
203963_at,-0.026180171880081926,0.0057385370085833625,0.022320804592534,0.029625554721175416,-0.029568194913747743,-0.01740982213782016,-0.013018257670080876,-0.013263943887808985,-0.01460458119925743,0.0304903010449786
211991_s_at,0.02823849501929985,0.021943102447392754,0.016797243314590597,-0.004214252798166693,0.005092379901846656,-0.011706169057015521,0.04028005834154032,-0.0005516891359640698,0.01586835157004376,-0.002079588287593324
205711_x_at,0.001656552599633772,-0.02481142079864402,-0.03694741246788009,-0.0013344404603605694,-0.003331757518895335,-0.010861576709212895,-0.007465465139881051,0.009496713206529481,0.031630165651245115,-0.005843938006537069
221729_at,-0.012278836483571495,0.005000211033976121,0.031696808993656594,-0.03271326902509787,0.0550929419227269,-0.011767054400878885,-0.007508441494078994,-0.0184427958878915,-0.007499454097332611,-0.002012482574500452
208782_at,-0.002087231708109061,0.01063075944792031,0.012461666419552028,-0.03861378757189219,0.0440411969732012,-0.009124033201963741,0.001971254171108134,-0.007366180239216083,-0.012602914293912337,0.005130316973366585
211986_at,-0.01869882582412012,0.0253041964908913,0.01594376557942403,-0.013796311598395313,-0.0026768116533718547,-0.03664741262425112,-0.01538591455343973,0.0029354866886977166,-0.021621406069977533,-0.0056294630859923395
213711_at,0.011259551391278223,-0.01802840133477653,-0.018345808958562703,0.006300677021265176,0.027748197734677293,0.04177380833822413,0.010879087713144655,0.016300785008457705,-0.0072284286106441675,-0.003793992938143448
208248_x_at,-0.0073737703275680005,-0.003248577184096174,0.011908726824251476,-0.0016055641522752153,-0.017499335378314027,-0.0015422279984538085,-0.02312516032614195,0.02136460848620368,2.495949272768587e-05,-0.00910110491880453
202298_at,-0.00740407231976508,-0.002175501567755197,-0.04435437118785873,0.0003743619472973407,0.0053420415748372885,-0.030254057766472983,-0.011606706404688846,0.0016678010322159118,0.019464357314542196,-0.0015644171492879562
222229_x_at,-0.007397068946527408,0.04249447692570251,-0.011156569250577345,0.0033898925489528804,0.002061605733716459,0.006209768806236863,0.020281037197779912,-0.010274447423858234,0.02318957817122446,0.022279526547153004
204320_at,-0.011259751363319425,-0.015749864895668875,0.01707050723358393,-0.010492983610395851,0.05319654384741836,-0.014236230413534057,-0.0023989153601610084,-0.006956180115414734,-0.037214262168049426,-0.022432615698570742
200680_x_at,4.535233118209224e-05,-0.015076475778129652,-0.017629681684460188,-0.01847928990922455,-0.002954380608961785,-0.001874754629078174,-0.005705287078941707,0.012089204908149817,-0.012169663977820782,0.005390979112004104
213702_x_at,-0.020216093443580368,0.012171640778814292,0.03732975285751382,0.018994841134819494,-0.026590404426535007,-0.020505605694422165,0.005968171437991175,0.021519106668806343,0.033012665682595206,0.02152635988143099
209156_s_at,0.003817455329596164,-0.012911594665049547,0.04258907190831892,-0.041003512336059096,0.03418463289040027,0.0238293428060808,-0.003190894408217499,-0.006556913377390975,-0.043680159391440605,0.010351873971161928
209596_at,-0.011953496049499935,0.00417316661317187,0.007930931270759766,-0.020968568816235694,0.05948457059532471,-0.023599942602137276,-0.01738042549379804,0.002146673504677573,-0.026908423750064848,0.003397838444289014
201416_at,-0.0035780915970061687,-0.03080271710617379,-0.021233461266746422,0.007582028540895621,0.01964832797362831,0.012467647998899756,-0.02549538823554779,0.005944705214356992,-0.03706696026474129,0.014732644019691982
208650_s_at,0.012636419262849212,-0.02500915243176321,-0.010434375233985224,0.010828797912146996,0.020819979145742174,0.041635385014913866,-0.0299106009152107,0.011405973809048654,0.030660099415248197,0.0029018211270169917
208691_at,0.012206186183580731,-0.026414554989038226,-0.03709134615645353,0.007668830377443471,0.018151995287722045,0.0019141074768874778,-0.012433482556923812,-0.00405371231446724,0.019012473321402813,0.0014009161088731287
207132_x_at,-0.017232338374607147,0.035803851449659224,0.007979691568631342,-0.007254688677639169,-0.014546513190024308,-0.013505904871995131,-0.0019724745358972273,-0.02087207523711768,0.003024263061374575,-0.010879121126013956
202489_s_at,-0.013511668133657562,-0.010396220355320337,-0.008054971237366143,0.012986600680993764,-0.020176123273469158,-0.020237425614404343,0.007314893703560845,0.02646775403920492,-0.01628683674642291,-0.03132200016227781
213502_x_at,0.03426590981826949,0.016993274458604074,0.001491014377929333,0.028018599348372128,0.006115634896668942,0.0034555282278813052,-0.013075199848899844,-0.016850461132477637,-0.01713571871136984,-0.005912065240198315
201577_at,-0.00027745238883653353,-0.025684348557153593,-0.023177098038151475,0.0019151751774355238,-0.008614673116955754,-0.013508885164907482,0.00860925834905675,-0.054209168048895,0.005841833461641393,-0.035557987163225585
200738_s_at,0.007424381669499926,-0.03574774339583799,-0.017453452417944743,-0.014829806863048946,-0.001304233914447062,-0.013811155701357927,0.0019924385059060102,-0.012519360358479168,0.039412558238596726,-0.019054837823082586
208718_at,-0.018789149699033142,0.017578811550611983,0.003771393222467103,0.008012559774718184,-0.009698657060078667,-0.020033941602569317,-0.020306200822338805,0.04793866399020661,-0.029095064026316862,0.018132004402938388
200832_s_at,-0.0028153416687234202,-0.013830595608550409,0.0048526425510927096,0.030342391340173826,-0.010752041566765472,-0.0047472747526348235,-0.015289723847477286,-0.014293864429380108,0.002511761132884156,-0.025324772069863773
201201_at,0.02008933367427548,-0.031564124714954095,-0.023085643374574884,-0.017168660384400337,0.0012884585394670773,0.020800731014830303,0.004657369171573584,0.03638820101404306,0.012214770792092308,0.012836972508490108
218332_at,-0.009812675191734349,0.0067786070647673,-0.007428113842233847,0.027911568281769657,-0.007727485223388824,0.025600171522214873,-0.0025270859666016434,-0.03170713787159301,-0.01127666703020362,0.009848963900469057
203438_at,-0.02030463952919582,0.013434602582244699,0.025719815722371055,0.026947085600196687,-0.012556293054864368,0.010672755757808726,0.008800471775540324,-0.021139509293651142,-0.011068755240055234,0.027848152631663146
208746_x_at,-0.0059009184050721804,0.00870823685651349,-0.042321541961339804,-0.01158715059239572,0.006482647844953812,-0.0149671732981835,-0.010758898562046364,0.015784932828499614,0.024386575603182435,-0.002951472793062109
208704_x_at,-0.0063284051205952695,-0.004045310178805557,0.012402120458088778,-0.0022994532926060574,-0.0182759027074871,0.003715727026409087,-0.025017055714338092,0.01070148392559374,0.010739980901469593,-0.005539518516230031
221891_x_at,0.00031447542045492585,0.0037035566103323864,-0.010313332896584803,-0.009396688287551492,-0.007713925549374908,-0.012728532406755118,0.013964616208687983,-0.030187258361031373,0.07664354557881502,0.006189342053659391
201114_x_at,-0.0014958233382088397,-0.03090584224174604,-0.04464894579149039,-0.0020304727679852164,-0.00560866498029871,-0.02487062479108532,0.0014330653835906732,-0.028073379993547122,-0.008232289139489495,-0.015274572941073004
210453_x_at,-0.00575016372454198,0.007308287723890539,-0.041011521597358,-0.01491033025582155,0.004356005285831914,-0.015788012857462574,-0.010699786801990416,0.016732774019934962,0.022596805185542992,-0.007252115658524079
202357_s_at,-0.004490433930155196,0.011820231852537604,0.029098469323910935,0.025720067222793207,-0.010736309827383328,-0.015192061033499255,0.020149410470075017,0.030141528871496164,-0.002732831478181899,0.02354284530422192
217491_x_at,-0.024536782626100758,0.021923103292460076,-0.01095493399047998,0.016437410504872567,-0.001679645829025995,-0.03577272260016588,7.305752796738223e-05,-0.016493519233106036,0.033530736768800896,0.0009313779620580128
218280_x_at,-0.006938706074730513,-0.010820718897755337,0.0016009824642963582,0.01567107359144507,-0.010141460700568986,-0.013645495177563373,0.009277280229620918,-0.005349583372180854,-0.015204573161301745,-0.013223568604612518
216384_x_at,0.003132633656545013,-0.005346346535215196,0.005550387579628045,0.005674414266225063,0.007161716362863362,0.007147474015504937,-0.012025577369571218,0.016313098566028326,-0.020751945954986608,0.034008874991828364
217719_at,-0.007234043399378591,0.024357312221433197,-0.02720218581494734,0.0025548853206006617,0.01834671795000488,0.013852127258467756,-0.01601058578463373,0.020130045750147235,-0.009078746664252891,-0.004316746134299004
207843_x_at,-0.018542163045454786,0.014327197863740022,0.026587422128456727,0.011602262750406078,-0.024824098903865492,-0.009558387101811644,-0.0318971769016655,-0.0031125066589246164,0.02412228468461006,-0.001834774432121563
200657_at,0.008544420020663804,-0.018349256079809407,-0.041621764513940014,-0.01964699048767703,-0.014572050002289219,-0.013642435999220569,-0.008058924565830667,0.0020394190984645323,0.039126467972119924,-0.017014213971589084
33323_r_at,-0.0004702332096222746,-0.016267258557874125,-0.03810923620618014,0.005592721152174531,0.023910940633347484,0.018201842574201384,0.018468278029534997,0.014569551630783818,-0.01574824877191084,-0.009248310853810828
210987_x_at,-0.009141371987045442,-0.0021209330725765205,0.032619120862389495,-0.02956091050713225,0.00516021107513982,0.004465824306703494,-0.015445910178060743,0.04338140104646588,0.026479590079994342,0.032238291185428196
203083_at,-0.014131686317616828,0.006428971117961796,0.01746780669561133,-0.0331645850043983,0.061113946293643785,-0.015851403895979634,-0.010430372508726287,-0.019258621017010064,-0.022193337377555224,-0.0019617151018939817
200822_x_at,0.0027557250942448173,-0.04273220112468693,-0.03519118351105399,-0.017047656404217855,-0.014028767208832643,0.008768260416121134,0.007195928060036383,-0.008714677010118589,-0.010209592614938022,-0.01869038743380935
208029_s_at,0.008245272739644644,-0.03490800107814414,-0.02588865625244684,0.00890489037642814,0.0027298225866995533,0.00948427968383594,-0.004410503434720625,-0.03586704647141842,0.01521044967409719,0.006729325048375726
200642_at,-0.005847727555416084,-0.022822093692848513,-0.01779684798183013,0.008637274412871104,-0.028377365440141515,-0.029856034936147635,-0.013007667509873675,-0.010933025238987851,0.030092423064276865,0.002386262233498447
202766_s_at,-0.007838735743515854,0.017085928283162535,0.025644297146581476,-0.03181957492033086,0.05557701824309933,-0.021200617094073598,-0.0037022121291932176,-0.01039115442538157,-0.012941127093878818,-0.0229282224577348
208870_x_at,0.0019890456730999196,-0.028632970140432038,-0.03924746114223665,-0.0032553477106758025,-0.006324824409692048,-0.011113555563796467,-0.011998375482805575,0.010401475593798917,0.035080767075938823,-0.00021133113580720138
200663_at,-0.014466688204870697,0.001481441687710383,0.032122304149308376,-0.0200318890543204,-0.008155696290650731,-0.054719959442670316,-0.014788875444148404,0.022267455394640097,0.004706588438609768,-0.019056052051938315
203936_s_at,0.011644466265411428,-0.013184481006892616,-0.006459947890927324,-0.003100231293368822,0.021248557425782834,0.003516382733890877,0.033129052803353806,-0.0031438915530129204,-0.024004519604596024,-0.012570840803243501
214456_x_at,0.00799042715967414,0.012623212216019388,-0.01583088617961929,0.008093200251245,0.021614903593862672,0.01786848083568263,0.02177626949264289,0.015747810223074612,-0.018997216246258986,0.00791079636538971
213699_s_at,-0.00031192640710063805,-0.019493359826000308,-0.03840438593191105,-0.0028674077973087158,0.017349586746190807,0.0029144255610947575,-0.0034816701761105342,0.012089838082645223,0.016894885074505026,0.007705951838907029
216576_x_at,0.031142901742279714,0.004860934406597185,0.006587903754572522,0.030992531696359946,0.00773561577830543,0.022335242936724644,-0.004913083871013112,-0.013886678740063371,-0.013565254543866789,0.00039720814180852133
200916_at,0.01243672567774036,-0.038828983317047275,-0.018392496171212868,-0.037091226129257894,-0.009518139412937169,0.007632912314048856,-0.023443587893707936,0.04915662113241178,-0.017592529820732995,0.009798423861014122
217718_s_at,-0.015728642704832457,-0.014308735965899853,-0.008213307240133463,0.009719148178553447,-0.00803476882028301,-0.061161663040231025,-0.025874154724362716,0.003168472695146298,0.00024419843468634426,0.02141274834221917
207847_s_at,-0.008211927231145498,0.006365068370169069,0.05225891078038121,0.003521125055190445,-0.01756832661679682,0.026593228323027896,-0.011757306018641672,0.04039822260578158,0.004412288641401488,-0.012248203117943347
208747_s_at,0.018748501113466844,0.015981432943479354,-0.0004178607107053135,-0.03634506034450662,0.04373115019409656,-0.0035536124038425118,0.02922414374921728,-0.00027479987727764543,-0.014356437704623321,0.003146211282394825
221474_at,-0.004509642531779616,0.0028842279537719773,-0.008387650507842218,0.011322432758736355,0.026412466498164748,0.0016496089277561663,-0.0072068596704275125,0.006968053869239299,0.038758824352461974,0.03482828951305242
203186_s_at,0.004793090884515808,-0.0023565203563979636,-0.016762517563668238,-0.009096897598696037,0.03863847229655034,0.002491550589812504,0.033252555176150875,0.0038561811825355845,-0.011819019422605928,-0.001136939480367744
201360_at,-0.011246921161256324,0.011339227602495434,0.03373277822089623,0.006784515222113741,-0.029871581703695516,-0.018106090318284605,0.021035490695026884,0.012552920973441914,-0.03229560649156724,0.03688789246992523
213687_s_at,-0.0033318847636869607,0.025106121866172535,-0.03413018772746221,-0.03882496709250274,-0.01993652900452187,0.00960207770945974,-0.012575024287550047,0.015027149746347014,0.009244644581554374,0.02309595168000993
220922_s_at,-2.668623695419549e-05,0.006153024414877473,0.002833902105806098,0.025574858686634522,0.014783033055901108,0.02243760233093906,0.015973703996659275,-0.016521118609114028,-0.005270780768758134,-0.00943708910455756
203973_s_at,-0.005796878504143142,0.0062991368835745255,-0.02911314887748161,-0.0012159776962190727,0.008380169381468513,0.001137315056470221,-0.003303760990168488,0.008949759142727377,-0.016983752769080353,0.04778653243921289
202086_at,0.019041206856101407,-0.023050563485007784,-0.010869089126719007,0.018074604783368153,-0.013056273893313866,0.0008610274215648647,0.054708399466701765,-0.004059015388755992,0.009719883212319603,-0.005395583457381141
201005_at,-0.01837931635905115,-0.013033657311446213,0.01275909265973112,-0.010818365021565446,-0.030387771339358438,-0.013448301423624586,-0.018287433584502986,0.0016351968657548218,0.029374179685686123,-0.024086528765767248
202688_at,0.003557554435668656,0.00818836422283785,0.027783797032487765,0.016313806507484162,-0.0010744345061915541,-0.006633915021863775,-0.0008823985141389483,0.056702646581237165,0.036160946734190846,-0.025356759857882365
212099_at,-0.025083460138633343,0.011818210652204798,0.03651283065266612,0.005366836067699189,-0.018323971360230246,-0.02149009460482462,-0.039757563578940135,0.004884607007733989,0.011308010889440332,-0.0034745553002460414
200887_s_at,0.029021526358849425,-0.014862601395175229,-0.01804876902355539,0.01181699856868168,-0.006296441501786201,-0.02900529920308122,0.05251497869707546,0.003236286633708128,0.014646401700643661,0.007143738375158468
200795_at,-0.005205696571667843,0.05147956115516856,0.014556893195912097,-0.02278380881733773,0.020515619419968285,-0.010326210126884807,-0.004082133679531457,-0.005052277534856547,0.00017721215293111875,0.00311661357356674
207802_at,0.0008503746311580502,4.838578366974605e-05,-0.0014008951391586732,0.03014391820441191,-0.0018585086239368822,0.014325859593084621,-0.00836238317033464,-0.0071076575701621006,-8.000562917535299e-05,-0.011865603482706572
201666_at,-0.0010986765109587378,-0.006182489624559442,0.020055799100363102,-0.025286389000716038,-0.006302319643637377,-0.015478082079637894,0.02376584198102714,0.03693042691306954,-0.04158957473679708,0.0017383030592854982
208998_at,0.0036258181438949626,0.0024732715219732775,0.003976076802804199,0.020188522954832668,0.008960707476204045,-0.03966277083812323,-0.03712875952516257,0.028541787529930824,0.013078227818752298,-0.03636052231267048
201119_s_at,-0.013889585086935899,-0.015701075993802476,-0.017712934932015797,-0.008346860826401122,-0.03377206945281544,-0.02816591784155903,-0.008898663005872514,-0.03614155232298071,0.037968847695357785,-0.01435058736745935
201422_at,0.03301016419343099,-0.017496324907399614,0.0011917344447748177,-0.01119844142463792,-0.003916371424832346,-0.010638178954177532,0.04271828364357318,0.005877275177784502,0.0192321183127735,-0.00807701633264136
202596_at,-0.017997533119344097,-0.004074770788556746,0.009151471022067119,0.010730800580958788,-0.016441605719482832,-0.027834041608530136,-0.016953245540440542,0.031048935790660908,0.029254066302640075,-0.002783645695203604
200923_at,0.006063004058008641,-0.026604502286655698,0.01440541910662153,0.02370662630506892,-0.018816029381822544,-0.014059627275013658,0.03805595585424118,0.002246715641644636,-0.01193836436526828,0.017312872672269837
209069_s_at,-0.0012963474241562921,-0.026341915669701923,0.01910873936900006,-0.009024375317426168,-0.0265702354005773,-0.010175932253386548,0.01947097007385619,-0.03250582808674091,0.01611120950688561,0.007263699285092452
201059_at,-0.014535625067296758,-0.015371191373491024,-0.010282843413349696,0.027613473457571158,0.010847737470277433,-0.009749168056552788,-0.008155216265569348,-0.01871541192682228,-0.019065617917811657,-0.018409191327274074
201231_s_at,0.019886460067234775,-0.04308556609848955,-0.02207698455118034,-0.02918276571644272,-0.002282358277479819,0.0344600652964223,0.026113780923904498,0.0030258318450890054,0.012508677014461046,0.0032303427319988537
202554_s_at,-0.014978454409431418,0.00823798072310816,0.01571686072188289,0.02313919500013631,-0.017956448824703188,-0.005110510005419172,-0.023571781753988767,-0.043441792553319515,0.011271184631413515,0.00026342054318363994
200718_s_at,-0.025483566582958028,0.008644099537340478,0.0006923178110474973,0.002584262818989815,-0.024588935045004357,-0.05693368333455533,-0.006534080864420127,-0.007247564648968804,0.0343832768582889,0.03819781727980311
200937_s_at,0.003550792300819407,0.03194520944737051,-0.009243316751585798,-0.025639912411002146,-0.004087662973879507,0.04387903216285782,0.0052100468589850535,0.011163804925096357,-0.000868300890104119,0.015053809390502843
209343_at,-0.011415738437331787,-0.011213849094924634,0.01607986329505134,0.013564598510183247,-0.014281155479988967,0.006861692454852761,-0.056730633988834676,-0.01058206809594305,0.01188591892126463,0.01084003716306693
201667_at,-0.02325065323089275,0.00403584170248418,0.02382309461555261,0.010943392431060246,0.004746280144059465,-0.016937991587303858,-0.0018775524572989298,0.007080762130450026,-0.020454480873201977,0.04878788853473856
201131_s_at,-0.008162728833856237,-0.023193811781373443,0.005156026616508796,0.023085250289307087,-0.017035392576610523,-0.032386358736766756,-0.03577962361770395,0.015829544356784547,-0.0037943344250843964,-0.01331496183002122
201690_s_at,-0.017393469785410374,-0.020562790943823295,-0.008996903857114196,0.03564505115540348,-0.00429942552725814,-0.008550237268116432,-0.019352496349323168,-0.04844166011690103,0.031362300516321,0.023655470656518216
217378_x_at,0.031920955511198786,0.008589777322376512,0.011935537099730198,0.032186502013317686,0.006526606903618391,0.022788551969414064,-0.0019411060103605787,-0.01371583981905712,-0.012319223039010464,-0.0018978995378529978
209366_x_at,-0.02035062228888423,0.014755473719120173,0.028391263771234496,0.01004966433667334,-0.027916292458133804,-0.011285370889036743,-0.03539006170744656,-0.00016756502779261941,0.02436996230497957,-0.005070775487398281
201141_at,0.019239533302437505,-0.0059423825398362985,0.008169942729419712,-0.028615491984552457,0.03357161304855065,-0.010514692632806969,0.0125444320533386,-0.012855207501341717,0.009695375410270298,-0.004619908080743125
201994_at,-0.01974292366888828,-0.02161021299031998,-0.0030315349086564593,0.007418267262227095,0.007304436374107606,-0.04534640152889206,-0.02432824685863462,0.013154537771635376,0.016739383035373857,0.023522826883939724
202450_s_at,-0.005145698806238974,0.02070873365563688,0.02810135795418324,-0.052249860036919935,0.04564438489901903,-0.02903388617480098,0.005087793396720563,-0.024715595005983255,-0.0026272635645368104,-0.011646517314104406
200804_at,-0.0184309605109895,-0.0075032431077280744,0.05151977957173361,0.013847812888582663,-0.059433342002268436,-0.011151041255823883,-0.0380222340247742,-0.0031641561468398337,0.010006370300781374,-0.010460918439475945
210149_s_at,-0.011449221880088139,-0.025589930459820904,-0.016920140621673175,0.003342749245924643,-0.027055888335296586,-0.04128824829064021,0.00472932163476375,-0.029781618048908307,0.017245315324736575,-0.03939662690240738
200089_s_at,-0.008224071405839478,0.03430034902951817,-0.02703643969283615,-0.007170820888519062,0.012014064211126597,0.01573030160906732,-0.001620410648637369,0.0021497403196207307,-0.004697542718246581,-0.0033690200837996126
202741_at,-0.008134495506889917,0.008566749316906338,0.015407182298759462,0.032430757055364405,0.005009862792462552,-0.02040519198168656,0.016125781486001384,0.02590526014683491,-0.02520116665325094,-0.027200452223732415
205890_s_at,0.03123158660003206,-0.0032798509578051125,-0.022792558002440347,0.021440668644986387,0.005483965047543657,0.012300412927764797,0.04629969913490157,0.018109350685988176,0.0029687112812203384,0.026821159033791727
210986_s_at,-0.019199305728450782,-0.0006002262368052684,0.0006971429542953474,-0.013168461670548429,0.033002018343827995,-0.02373446307819357,-0.01993394270418641,0.04891825810345986,0.016480244347532882,0.038601075778811667
209875_s_at,-0.0026218253229217483,-0.02937840829046462,0.005324153811679713,-0.013409346328431231,0.0229292417257015,0.010218010076157111,0.03496658972315782,0.005582690817666093,0.006352356767264037,0.005219102352117827
200797_s_at,0.004669708774908102,0.001964635751335877,-0.019910461277564167,-0.010335543519540503,0.014146086938316333,-0.02252534054620987,-0.008700632593892027,0.05310729946297674,0.0004613561596471088,0.009551791472904775
201312_s_at,-0.01845222541211544,0.0291677806352339,0.03564229903999131,0.0047626193797675265,-0.007551791102313298,-0.017159053111255304,-0.013738195786015713,0.022227281785001846,0.02674187361631203,0.032564801207298176
201427_s_at,0.00689733122044795,0.040539340871650585,0.0073151688262987884,0.0090994241893057,0.0016321588525130464,-0.019851384727424204,-0.022788803828653826,-0.0008035011644705553,0.028113397782395064,0.0063253108567069526
200010_at,-0.0007968689182032522,0.03520768832617023,-0.0005496626128168819,-0.04505371648696867,-0.033448871742520814,0.014353930043619892,0.001018933880991198,0.011992223961584524,0.006011992191844853,0.0012381540562019192
200807_s_at,0.004366959582013792,-0.046882498900663296,-0.04274139729136154,-0.0016053858799559531,-0.02728732918203164,-0.005164678030351339,-0.012463244220505666,-0.024579129133124513,0.014239202203958206,0.0014949031920568256
213366_x_at,0.0010238889680977553,-0.029175414273641658,-0.043879537507168276,0.0003627678185210497,-0.0007212960603775835,-0.015014142057400745,-0.0031106214831966854,0.013231773757449512,0.036751321069971254,-0.005315143989962416
214167_s_at,-0.006356506505511519,0.023267577355171244,-0.0016492297010519475,-0.03428798896381238,-0.04880251803290963,0.03416327152518687,-0.016825903369760257,-0.032752103730000696,-0.0021179967653133258,-0.01162151574144932
205849_s_at,-0.010933744799139715,-0.0017961194816176924,-0.03731383188270533,0.00268091503109387,0.0013923257452244158,-0.012088600239053634,0.005281922909480519,-0.06878508809838214,0.04434780470455847,0.016215426092114016
37892_at,-0.012818217124521225,-0.01906766179674591,0.020669577890067858,-0.02130548513576496,0.05901151394276798,-0.02323731322971521,-0.004758961594752146,-0.009521905151814829,-0.038717610111689144,-0.025202290276728326
201812_s_at,-0.012500846496466466,0.027647255926360064,-0.03613026024980187,-0.008270193882214684,-0.0041423215480706575,-0.024116039836725386,-0.005087066516346321,-0.01545498340928953,0.009051355821856502,-0.0059782147021905435
205513_at,-0.00029129934410706035,0.015464972156305785,0.01711841932692023,0.023741550316917562,0.013817802436453877,0.017790752704193974,-0.00327434616155119,0.013784725546182224,0.00044813268134374126,0.006212426950865712
201757_at,-0.0062196113542302795,-0.014219597523948581,-0.0565883484992309,-0.010451202907894776,0.006811157915935164,-0.022095172112855912,-0.017339677677354445,0.01523814955687383,0.0075086705791606685,0.009583884869716449
204533_at,0.0353308243358663,-0.018543121584704027,-0.023779940489825763,0.007168256585167597,0.0027650598164734273,0.009425669539708229,0.05459019243905196,0.016174258452820358,0.026901354875782768,0.022860630117104427
219087_at,-0.019016878727825794,0.023541893862009042,0.03060074816562666,-0.03451868533245556,0.047340419533640876,-0.017626410375493794,-0.008686967637115597,-0.019226466899993338,-0.011309976198940143,-0.0023683044733614615
208949_s_at,-0.0027870932309888193,0.007758019320545857,-0.005669899293766044,-0.035384272398012936,0.020378978494905765,-0.044044792484398285,-0.03666676942725335,0.04801157383347628,-0.007021236837301305,-0.011600663324030166
201004_at,0.024901149241018838,-0.004772982090101568,-0.001970772783847186,0.015771151777592928,-0.026624573403282586,-0.0021524147168720553,-0.010918974807352117,0.025961177876337,-0.023591853955031918,-0.016600773422080637
218101_s_at,-0.010240283283354022,-0.002031899153418741,-0.0007124926405560963,0.00706411462496456,-0.01072566881012305,-0.01905202444484452,-0.01447816175714968,-0.024469522602197938,0.014265461824805592,-0.003010647346740516
200080_s_at,-0.006526039061487638,-0.005669038666777124,0.013395398678288657,0.018310661730091674,0.002274897664649433,0.008771128915720216,-0.027141420156905866,0.013140253019655436,0.03520148566148612,0.05305150334163257
200063_s_at,-0.008657672351012429,0.0021956468296970926,-0.01269674791236717,0.014231718363499844,0.01174933888551979,-0.0026095531837606275,0.01416747752332156,-0.004342949545856547,0.029854168280763742,0.02789603023294429
200974_at,-0.0005958718100681946,0.010264197499771557,0.01017148612089484,-0.04669571058274336,0.04929207148076329,-0.003269512807876251,-0.00773617909360142,0.0013340969582351688,-0.02702331976186458,-0.010307312725405826
208791_at,0.00830552830363917,0.0015751425103336762,0.011766108235336898,0.020165731640983748,-0.018992694105972457,0.023185083408205433,-0.004761287494284503,0.024683427406305105,-0.01556097008875982,-0.0232881080992563
211456_x_at,0.00383570173229319,-0.006025230247250258,-0.04764410802111075,-0.020826779746192882,0.00011791221190004888,-0.002785283415166389,0.007072197668421199,0.0008372166155387505,-0.0074637728308680025,-0.062086932158590166
209066_x_at,-0.010600624786262792,0.0005558554999703076,-0.028354250845460283,0.006453774273939419,0.0025442737464996955,0.0017555708657892907,0.009141465512414968,-0.07425348738760676,0.05459181984491288,0.023935077340467705
218200_s_at,-0.01442632109729833,-0.008923030316721115,-0.0441918643383242,0.001913935856943306,0.0010669747830855736,-0.03464149681342308,-0.004716005067182081,-0.019220124241755898,0.03338482783659286,-0.009840570033928958
201010_s_at,0.005915547700725349,0.04055630697722143,0.019601283436936554,-0.00608885131097433,-0.006643991323163422,-0.007834843366935284,0.001044696315731421,0.027995956564068232,-0.002702495764261804,0.005277031606986864
214243_s_at,-0.0010612931439804665,-0.0007538752620447503,0.011448626824293312,0.02791860995416117,0.008100864804180954,0.027845916070284013,-0.03083511416383122,0.025983718935458627,0.03738013184205174,-0.08613410184979808
221476_s_at,-0.019933025094651058,0.043778792233180285,0.006495599837550827,-0.010797063155884535,-0.02231401937381318,-0.008902773055127086,-0.004249305167859982,-0.009827464766884841,-0.0030877514650083245,-6.89263403964843e-05
200094_s_at,-0.007362054441604403,0.01856117579024612,0.029734245193824702,-0.0206006099312243,-0.03743486630160757,0.05066056206938811,-0.018852841048426033,0.025733177714482372,-0.04316429245260679,-0.003346134751988707
208651_x_at,0.01451260354298787,-0.023073521317576853,0.0015245859034462698,0.006321672685714055,0.011985421359941186,0.045988155073689224,-0.044636619075137295,0.009367215464072084,0.04357438008436974,0.008795640135970817
200983_x_at,0.007405149989382924,-0.012033922344150886,-0.0012162441726618987,-0.0141037205914283,-0.0103655101183447,0.011555775078957973,0.028469627738811162,0.05673237652612364,-0.005755155725409151,0.024017334613575986
217979_at,-0.03174211289512697,-0.0019442545854524102,0.013131765529741072,0.03574782044411922,-0.027913055746271592,-0.03846443123252628,-0.030964835984491547,-0.01786291212930196,0.017875717094239525,-0.023914843679802712
211682_x_at,-0.007287529695149331,0.0034163158660149057,0.02021187407915197,0.03358585455857768,-0.0044268445188277265,0.007865055592512092,0.010101575550704319,0.03348935774124634,0.03633823369054453,-0.06898315382579187
208680_at,0.004963672443916459,-0.03984447055874439,-0.0031553990634759005,-0.016178258621560946,-0.04585418243233061,0.0006928188852101504,-0.02835004721758481,-0.023136573555626292,0.05822158728751335,-0.010118130070092097
212826_s_at,-0.004521557004495703,0.013443318650134421,-0.020134574470115706,-0.027958648829742805,-0.014670910129430044,-0.0015346574633016657,-0.027361135067348916,-0.024107996586422466,-0.023402357297689656,-0.046719593982967614
204806_x_at,0.03764666211626442,-0.011319279256573533,0.0026118360814272094,-0.0014300400633479957,-0.015418858177683582,-0.0008218660986820025,0.07226021222046822,0.028808925451982458,0.010019566404085616,0.009694234787176318
221700_s_at,0.00012626480554640365,0.008385179686637384,-0.04541000750108249,-0.024430300142974534,-0.012510323841190019,-0.016176829166250663,-0.003111567626207711,-0.0021041132427579543,-0.002093247014146504,-0.0018841390290147517
204734_at,0.004149843988507762,0.017171166312293026,-0.0058948984139101926,0.005070605049066909,0.013880499234269964,0.025549857315373282,-0.006133572563940372,-0.012655276953263952,-0.0034770917357669177,0.0402028685602332
211996_s_at,-0.009129435828586139,-0.003917088353145004,-0.0054464036488872025,0.04149010974556317,0.03458155162793988,-0.003541991301130875,0.0018399601853090685,0.009052523223120206,-0.038505570978302456,0.016542770967911846
203786_s_at,-0.0022088811348265867,-0.018617893133418533,-0.023598068951271475,0.01397519881644215,0.002884219197480496,0.020509599315037156,-0.028075227603265022,0.01271425120343004,0.008154279668632178,-0.005043757024971564
203021_at,0.01748759381452363,-0.0120186584826846,-0.015712554606310374,0.01272218626788021,0.020703155412708497,0.038820665535138,-0.01793652639837907,0.05236446491799822,0.009132204557005662,-0.021201101100838234
213399_x_at,0.0003062673911405511,-0.03507208130235504,-0.02625746397455136,0.004603129474127181,-0.019166974370718955,-0.052706023108554566,-0.0147588090064337,0.03231816860129967,-0.012597378947132918,-0.01185462039327762
209026_x_at,0.018441261172213737,-0.051262456907140194,0.0071045875304005515,-0.029849572332217494,-0.02411915076017855,0.03908152336143824,0.015458647703695566,-0.007459761110265568,0.024286499244572927,-0.010871828194235003
215001_s_at,-0.02840707948757988,0.016328801736124336,0.025402877917808927,0.02571830328591252,-0.01588863250470206,-0.03153302250885746,-0.02005491115067728,0.028622855178406622,0.01719236513250734,0.0462446457213773
200943_at,-0.0041619531587380795,-0.004657883164462327,-0.014341780452229818,0.0010969659369036188,-0.005981840198506494,-0.014035299269965726,-0.022169593636858824,0.015185637523856597,0.018837391913578215,0.023387116164021914
217757_at,0.010420297535930528,0.001857888229462473,-0.016299176800895716,-0.016606270936120937,0.021141400243775848,0.019810320171604032,0.009126069433906184,0.029598235043980268,-0.010572461339889904,0.0333775417692791
207816_at,0.008824905615605665,-0.00394366016103148,0.0037317237723929007,0.02934913123393778,0.011324053443166268,0.03673226923243502,-0.006170608434357153,6.804591385990403e-05,-0.008566248658143238,0.002286523986439423
212593_s_at,-0.022237621396901712,0.03262288860456163,0.01081144466766773,0.02356922369398467,-0.013276028461814419,0.016386841700313376,-0.020117557783369957,-0.0030206075320834656,0.004837129380676514,0.04574150788900822
208792_s_at,0.007260361351659864,0.0053239380859543715,0.0028839249679800537,0.025407824627956207,-0.0071496746482491115,0.014005061207284028,-0.00408760913673869,0.0254741413140404,-0.010062783567495912,-0.019548077644005193
214768_x_at,0.034914811960895326,-0.0019915878301050858,0.007216353454418417,0.032838843362672954,0.0008387395477019116,0.01932218125314951,-0.010471032521977865,-0.0127525151746943,-0.00891575552841974,0.015008600801636867
219197_s_at,-0.027632055195312196,0.0180669529582645,0.027917628219276257,0.03822848799433018,-0.016284264786582823,-0.022012799909400263,-0.001603445175396579,0.014661549991264832,0.006253913775209658,0.03651103117286745
200013_at,-0.009875967714405059,0.03143746938043714,-0.012177206555134426,-0.024215950056892137,-0.0241837429182999,0.009644856948115507,-0.0028392356608233733,0.00732901492815844,0.011778505904930094,0.013552563906310646
211600_at,0.00037736089161434397,-0.026760582453107785,0.028016811305397772,0.027645764941493907,-0.0039124412389458345,0.042416899694206166,-0.031011034599217415,-0.006811390954269227,-0.013413088966703268,-0.0028184702029945903
202037_s_at,0.019274168626458817,8.466208365370195e-05,-0.03717549623551165,-0.0026827924248298816,0.022129064263779565,0.0637886750571792,0.006649895652625563,0.03234882425350477,-0.02066443170085985,0.039243230796849556
217720_at,-0.00032798583984853077,-0.030420001294936584,-0.027196295679203994,-0.016660980457433507,-0.030865220058555676,-0.029895035740028716,-0.018667971163766835,-0.01926608600797381,0.0257204096672348,-0.011186792427798796
212859_x_at,0.0010300721721088126,-0.003144558019272006,-0.0340913172513311,-0.008634107540624446,0.0046217037372977615,0.014613213237647827,0.027083672014010383,-0.013852512055402872,-0.010148503500278103,-0.032356817218342444
212130_x_at,-0.013776186049294231,-0.016145148395495898,-0.0017590862768580274,-0.011581798026974642,-0.03447263825976572,-0.023786456521570708,0.02690804244722964,-0.02815872723642787,-0.014819396722177209,0.008700617921012257
211956_s_at,-0.016250057742571846,-0.006067036745536874,0.014194619269194596,-0.016812122415636406,-0.023784987913537444,-0.031015849693652495,0.01588776607471139,-0.027630443605915024,0.00908137560340925,0.015986299007586427
211896_s_at,0.001094553396516052,0.03237923990170566,0.05302073451235123,-0.05061471296212195,0.03330059731992525,0.003944429645381308,-3.586842979008688e-05,-0.033783626892640334,-0.004020363753076134,-0.004905502725630071
211939_x_at,-0.035442129299310565,0.022941960958200877,0.02634563694582074,0.00510840714150057,-0.047881328855014824,-0.03455510983543559,0.0015470180912974625,-0.017720135936488145,0.021982720011021854,0.029837932014160146
201508_at,-0.01677833546586716,0.018036011849223252,0.05532491373484443,-0.011436885123325441,-0.01021365129985503,3.0390220936889493e-05,0.02213350277747732,-0.0075257150713061395,-0.03358675623907733,0.009986625922355422
212227_x_at,-0.010813180272691979,-0.01472602852780107,0.004568952813417984,-0.01700975303555304,-0.0389180909547763,-0.016851612505097424,0.03242253766260681,-0.02809553529727249,-0.012681916041896592,0.0054203549591917985
208517_x_at,-0.030060497351079556,0.02399150226723581,0.0282736129498342,-0.0031738682576962197,-0.056437827126995625,-0.036906484531042345,0.008382539164879344,-0.013567244532484863,0.00786204776238135,0.00885193467960474
211161_s_at,-0.016194450495375427,0.017973399653149074,0.03285069140961527,-0.03582353695499812,0.07024467507127653,-0.020652729774468265,-0.01828970718618577,-0.012798703664632581,-0.007905857728937059,0.009362092840976013
200036_s_at,-0.009633815916669357,0.051288876862856686,-0.02065425185506632,-0.04680715305325929,-0.03083980721302812,0.0011499311704714868,-0.013948812503990975,-0.008332193554852657,0.020616039896415788,0.002463596247026074
201258_at,0.000480429004671711,0.027726189359701482,-0.030250946303963206,-0.03191724682142125,-0.012817193753688604,0.012455499328890637,0.003992948947824885,-0.016916125432769668,0.013811574716215629,0.01247978610910356
206793_at,0.005509176829231649,-0.003842132091597484,0.0003401379770589888,0.029894097699065852,0.009389056786547554,0.023728559892460747,-0.02489591384140893,-0.009057814490923249,0.017911522164028644,-0.0711992422764556
208826_x_at,-0.014093524587677117,0.013832788680189546,-0.019295475184033163,-0.01150072933143325,-0.02290492433373698,-0.013907537174710972,-0.021035566300283675,-0.024755982653893872,0.07088263286375315,-0.027703187685917504
206339_at,-0.0005885604829315741,0.003379791628912942,0.005634430818121857,0.04333411559103774,-0.002849631789024615,-0.021228841827042242,0.01901610457288631,0.04341211887604744,-0.029232903764226437,-0.008392647693055926
41220_at,-0.0011756671718192255,-0.032567051216735435,-0.04350387449479409,0.015523930024053882,0.002681809125406921,-0.04676827097067505,0.0011725981182166957,-0.0006054351416678004,-0.040516882459015156,0.0023070211001298326
209389_x_at,0.005178724641209747,-0.0030267243479626038,-0.009996003387217551,-0.014154302389525862,-0.004533170624341324,0.0018732281547534765,-0.054376797639521676,0.044106102800915814,0.06562966501422145,-0.03146504646793334
208628_s_at,0.02926715279056674,-0.027954426424065176,-0.04130496123011279,-0.03343337878556788,0.0028607201230481725,0.03453136965134883,0.01714061429139718,-0.0027949130003591424,0.03748990044929128,0.00031402043515272476
202021_x_at,-0.013528388738576475,-0.014001006535862191,0.0001553321221316437,-0.011029435344342912,-0.03544834617487858,-0.01691731185867231,0.026290308325659054,-0.03575202085974418,-0.004146956215417446,0.012100475259533597
200872_at,0.014263993401923573,-0.036616522519231635,-0.01956176283907569,-0.044403399004453434,0.030546459449901156,0.003613776998420785,-0.0008337136222218028,0.0068260810103135255,0.019555312710126546,0.003541287827795136
213491_x_at,0.0024390498921241493,-0.038739576850589215,-0.027430037788907857,0.0025580623195770994,-0.020410563879384707,-0.05765159665295362,-0.012617451794405647,0.03515425113302566,-0.019202591169173385,-0.0187741835234098
200651_at,-0.007936895235048308,0.024581345574126407,0.010414533061426565,-0.04033817349808406,-0.053822234937887584,0.030276487694047678,-0.005496027337521531,-0.001028735857922485,-0.013859674804852477,-0.0015260074654353476
200705_s_at,-0.0002512612718366239,0.05234359819945285,-0.030922089946100382,-0.02691096525703499,-0.012872879895086673,0.00995522004940034,0.004814940134865981,0.005481038681081558,0.023812442868091466,-0.0001480793453401705
211714_x_at,0.01890608833539212,-0.06213232467981003,-0.00670789553908656,-0.039145941726371244,-0.01724886183103639,0.02950836707601395,0.010362209982775147,-0.0003285818996239852,0.01727076340738284,-0.0129666285275651
208697_s_at,0.0024303690566626094,-0.006690572418892613,-0.04512164548223691,-0.01845387932432419,-0.003481010723616576,0.028707632453701077,-0.007047327139536438,-0.03213577484234758,0.018379301807287217,0.020359226605561668
217157_x_at,0.01919055085522385,0.007410558141470246,0.008232432363364421,0.03367622383459777,0.009709412419172324,0.02432889123020801,0.003116384878841047,-0.008951505313533501,-0.013805355611384407,-0.004123708488991694
201137_s_at,0.0286004196502376,0.02735153046596192,-0.004727788145839118,-0.007676974304957164,0.007633737358007231,-0.0422119086521024,0.027753666593084182,0.021683503044833945,0.01884479358185438,0.007790196204381364
205044_at,0.024571280981246946,-0.025999390411703825,-0.03266654865878859,0.006227776054841867,0.02766202021103839,0.057767938533621305,0.027978564243841517,0.036142644650147236,0.004482016420368547,0.05600787904111736
212236_x_at,0.006716265414235595,-0.014567717196785101,-0.02108528657483887,-0.009020681042388267,0.04171665384128489,0.0410393794234444,0.0332729825169072,0.015140814440680236,-0.02572153612289799,0.0021361226201537394
211070_x_at,0.009205238644067339,-0.010338887972414166,-0.012960537628167547,-0.017578874524423936,-0.0073337453766263785,-0.010697912248957445,-0.05569975590457071,0.04539499125259209,0.056686356615432844,-0.04439756364291059
217963_s_at,-0.013427216537386282,-0.013744769154963888,-0.020771982202340274,-0.009526236182368534,-0.01226107513593592,-0.01197966626668486,-0.0033277155289279364,0.007891120705607031,0.010834303125108911,0.05101211217313501
215867_x_at,-0.03855408221870079,0.0083030911548367,0.029637979511705034,0.03643567473581396,-0.03881291468078257,-0.031916724408835154,-0.01914487336683152,-0.021051000895084358,-0.0159740904292829,0.04131065329639556
201134_x_at,-0.03281305379307023,0.020467299354846685,-0.016494333838933423,0.015169527575519506,-0.006040571815621196,-0.059161800785967104,-0.010482934009394169,-0.020348167592498755,0.036364889124827396,-0.004739867976458893
212082_s_at,-0.016509045052652865,0.008767117776832707,-0.002442887763377842,-0.011507999105397468,0.026783268112099672,-0.04095970405076138,-0.005497262989462518,-0.016628380576597913,0.029922874996346074,-0.002979789789207242
201022_s_at,-0.039648658224756946,-6.947362092904099e-05,0.014739823179668815,0.0007968376667549321,0.005431130423175017,-0.04058172649332143,-0.017130479620949653,0.015033320872190493,0.04380360493879533,0.01787855860929547
211657_at,-0.006384268206226667,-3.6103832005576525e-05,0.018210544100645296,0.025507091439192546,-0.003621965978987952,-0.024067686668880237,-0.0033953039660086304,0.033095090677906794,0.007076619135906151,-0.09107000225010052
209772_s_at,0.0183562762868336,-0.02796512554921941,0.0002250794649710414,0.008542142438489018,0.008681503871239714,0.049535291467747225,-0.04113394754698137,0.006700541624762789,0.03201679840619749,-0.0018521500649749613
205979_at,-0.012016355466239177,0.018183222718874615,0.0022000183677081263,0.025907742254877693,-0.0021507951328272,0.012039917165532325,0.025734480691812292,0.01834664279994912,0.027454318690659594,-0.05959756069767209
200925_at,-0.0225386679479693,-0.03424848371679142,-0.006275595219224246,0.001525137788068049,-0.05615148325149006,-0.06026400529491947,-0.017295987795182946,-0.05925862144498362,0.012911312735994138,-0.018638274800521066
200016_x_at,-0.024942660179330643,0.02112715743974682,-0.018084892713329147,-0.0038158544776902793,-0.015813650980564864,-0.029195676286143547,0.0019983119648266648,-0.0016293895958900345,2.2384898206435174e-05,0.028027996566287367
217747_s_at,-0.0025666114646089614,0.051165881110416325,-0.0080269320414471,-0.04741380212191344,-0.035753493344251985,0.02096257236553144,-0.005684683612633109,-0.008157217720762102,-0.007483062931375476,-0.007082966246347339
203915_at,0.047683760443149155,0.002855428519558099,-0.011308864944139015,0.01711921918779245,0.00595363591759151,-0.010657780412757922,0.040936559048985265,0.0009714657868773543,0.003431523382508038,-0.0037834619642553124
219762_s_at,-0.007646784782780379,0.03412557666130386,-0.052384965847617516,-0.019733676552218932,0.009152131691934434,0.009410180512362271,0.004412342930184117,0.010510367680339004,-0.01122992913656622,0.0020337648434168056
209118_s_at,-0.012124429312535242,-0.021790024723608577,-0.03626131062951441,-0.014833287958526415,0.036339389627967865,-0.012880918991022363,0.0061286335838259395,-0.007547611406346889,-0.027504648845056358,0.04420788776267772
201315_x_at,-0.0024271023196053413,0.01114289448414144,0.015963178987354176,-0.008802429058830122,-0.01001924890592711,-0.04408468479716139,0.03568609325793184,-0.005572319137454473,-0.010854588391718064,0.016087883207441433
213187_x_at,0.025384762138098756,-0.02280532794139017,0.054330470446429614,-0.05734705822424035,-0.016844755381172208,0.006072935634717253,0.016071547802702056,-0.017210061298181333,0.00023968276247744952,-0.0008079751802270664
200799_at,-0.025427630377745952,-0.03232673803266576,-0.021507857072094818,0.01493025521304453,0.0015219044856862357,-0.04880321589257508,-0.011349048590961785,-0.024649769264178036,-0.015903881137367026,0.020914827383006224
208687_x_at,0.001626436870253716,-0.009862610074322951,0.0017113259021044414,-0.03635764240169204,-0.045105808879787795,-0.0017483392465019502,0.0072819198176273135,-0.05132115180127132,0.09712431921150436,-0.011415024952960163
212218_s_at,-0.00436651842935545,-0.013047321592049075,0.046206467342558157,0.01918449806359006,-0.032344485162823025,0.025612822474623726,-0.04436969821862219,-0.019591836313296376,-0.033209864781404363,-0.02738842242810586
200823_x_at,-0.004269874249405845,0.0309492137651838,0.03617755366577148,-0.027204162673465912,-0.04734858512517903,0.05785533999713889,-0.0006996216339789538,-0.015330420206920123,-0.04297329796054551,-0.007221769096443682
208788_at,-0.02473100196635832,0.03125206008623673,0.028920776058691366,0.020699563911968994,-0.04040903152353391,-0.022361264020446005,-0.02390108111929626,0.02091480914393951,0.022497293357505506,0.016446016996768
200082_s_at,0.00830452674077812,0.01505460936367363,-0.03664165855837613,-0.03958903589269378,-0.0018374194483544465,0.026148445323829757,-0.0066807392506534734,0.01680991391118899,0.009056818146632829,0.00533462952670459
203535_at,0.018446056792836018,-0.009029575789874237,-0.015088103677492378,0.0027815664549967886,0.01652860599998203,0.031471429784002074,-0.03733953262801701,0.015747583164113173,0.02257563043815012,-0.06450471833154423
209560_s_at,0.008319352173378194,0.0005208714495194498,0.005068753402137771,0.018391791181596045,0.014534175179926192,0.03463650164634418,-0.0016370300875189524,-0.005267631767048471,-0.0028373373924103565,-0.021687758931081207
214079_at,-0.01081428970486776,0.000140364178893299,0.0038245546225648347,0.03733345263844767,-0.0005058114016470447,-0.026125852893121502,-0.029143577795902653,-0.05705946582045929,-0.022083918635948652,0.0031951576564564956
221731_x_at,-0.015344620103685772,0.013362406183553286,0.02799487457075576,-0.05977327178393967,0.07644335580922094,-0.03272144560423726,-0.018194149940910676,-0.006037347573043941,-0.028639994353663396,-0.018765964021366804
205440_s_at,-0.019056169099380658,0.008316670037090157,0.023709372754526125,0.03586769389784825,-0.016416345105728015,0.006646708857200444,0.03637021321769116,-0.0009507611449476563,0.01058156546196622,0.018525294184356025
209386_at,0.006894963726512735,-0.012269468566715567,-0.04490477251262906,0.0071325593310841385,0.022031087687137907,0.028476917659985182,0.0058186649401696195,0.05810383524221633,0.004313714790878124,0.040092677990610164
200839_s_at,0.02119837290591576,-0.028284801407269113,0.003979729244877055,-0.040592514297648326,0.025862048165217845,-0.03789248032465154,0.03481686926398177,0.0013388095643362614,-0.002047101785197276,-0.0015324065462434184
AFFX-r2-Ec-bioD-3_at,-0.0022374054046948276,-0.0028181206989675084,0.014033917058792339,0.052953663072473546,0.04342343614943374,0.03816917717129204,0.013544311963843677,-0.014849255154403681,0.013229837396796264,-0.011869314916623368
204637_at,-0.004882141298656673,0.0035780056118546386,0.007828793300477364,0.04359409208449125,-0.007470196535696529,0.033949212851302424,0.04165837339634421,-0.008299357428401839,-0.04353655937747886,-0.03999907677671133
214164_x_at,-0.041132599507400176,0.008781226558345716,0.028823269261046315,0.03736563369692609,-0.041896635139764216,-0.038116455467630116,-0.01689681734820054,-0.021324829112132158,-0.02345497539693794,0.038912529527677486
217871_s_at,-8.641682930030674e-05,-0.050915167260379104,0.008434786601002966,-0.0354123960777399,-0.05962532573783728,0.022407622371254744,-0.05940107118286676,0.008316889856464938,-0.0197661118314591,-0.006598132083197477
203113_s_at,-0.0182625398787434,-0.000588717592514669,-0.01996451575167781,0.007972687370629733,-0.014747704129346416,-0.008833226986899713,-0.010673711163791538,-0.07908226286115944,0.02111610514408867,0.0055767575545980904
200024_at,-0.003253186552412084,0.030392765237796646,0.010216383234784925,-0.042589000947573806,-0.06338383295481197,0.028717947895730095,-0.013702373970503947,-0.034303473764080376,-0.021822973230288575,-0.0056685294784461085
204102_s_at,-0.007516716937126004,0.015955088415104502,0.03617133808516388,-0.005703894649788749,-0.024012842552277945,0.055680474616177436,-0.007051994010883456,0.025913604937315926,-0.037169630469061306,0.005680702103819275
203757_s_at,-0.002661939817367068,-0.0017688628262571176,0.02555844098139689,0.02288438430484944,-0.010699126450723462,-0.012642172711549096,0.0023564485528265794,0.025494298506878593,-0.005642916501393933,-0.09934025615208227
212501_at,0.02174732334537431,-0.042375060114609765,-0.05582411622384604,-0.013654208819757398,0.026213985289806983,-0.004241545496543024,0.011593952996450423,0.023102299877975328,-0.011411002153866751,0.023294942587423696
200650_s_at,-0.007645929479106425,-0.060409071382110345,-0.0036172917351802785,-0.029951479215762796,-0.002265448369031078,-0.016014099847191023,0.001092767102290626,0.021157278631397713,0.03276572931261291,-0.012693809007882173
204259_at,0.025425891792782696,-0.021395455288119373,-0.03427997691098616,0.0005741699715219517,0.023594423100396243,0.042205948391034365,0.03640493691546322,0.01962180752132967,-0.00807857479293431,0.04525270013390265
207243_s_at,-0.0030341173520833974,-0.010339171819426706,0.04400413772074283,-0.05445109430060157,-0.04421528350696564,-0.008625455802757524,-0.012325262184345185,0.02539987368699522,0.08800714009124691,0.02177775159443221
204070_at,0.003811414726431496,0.016304157364732043,0.020361693722781245,0.018245310653841277,-0.03973430403178793,-0.03491582987715449,0.01744878176072525,-0.0023271110317368395,0.054945369361319475,0.01317409409011166
213680_at,0.015649322332857738,-0.029275006447595533,-0.03665413792791008,-0.003073990451626347,0.03788999037731478,0.05006192923542929,0.02856268207325298,0.03565164378975253,-0.016937671595848466,0.04473666329527612
217801_at,-0.0173252887428087,-0.002472876256824809,-0.0327124527107559,0.015185556861850783,0.029627692968665884,-0.046827075024817255,0.007847789589902041,-0.03912327764295456,0.03256471450763927,-0.00013728512811859525
217767_at,0.025265277790713584,0.0324998142908072,-0.019053147462251733,-0.012619514696637982,0.028922758899403784,-0.012151558707194293,0.04373269422540565,0.037833313324333345,0.010532147021341452,0.011980866131616292
214039_s_at,0.007969818126826789,-0.05443660536701413,-0.05282156483902722,0.011196716055607731,0.01115531546000991,-0.0075156066890113,-0.015199656518660577,-0.03750118304360962,0.011178169177623863,0.013836754628988769
200640_at,0.011893252870256532,-0.05699496162443294,0.010353008042798272,0.002067905974460992,-0.01860940651667712,0.03536446528488396,-0.01076390779029706,-0.06960987106250631,0.05010625346320208,0.03150988373567236
AFFX-HUMGAPDH/M33197_5_at,0.014859195840889579,-0.04509797101543609,0.050927558319297246,-0.02452658511361758,-0.058464929671830056,0.06968686307089017,0.008146791339631022,-0.027373449365693227,-0.014156157965799552,0.007972676146472476
201041_s_at,-0.006672283228187148,0.03617419770099087,0.01949471099344836,-0.0266132855298301,0.013424844348329423,-0.015214952764211578,-0.0007119644508982455,0.004799921173393083,-0.006181385444857248,0.01031011392307594
213564_x_at,0.024692218471211037,-0.010441016102221503,-0.06407478548664114,-0.008749254864307766,0.015690544973731218,0.03017922286781192,0.035542669595601144,0.0007715886745016447,-0.005977983668535785,0.03422350262590548
200735_x_at,-0.023084813841040337,0.042200798179539194,-0.0023173621188915974,-0.021982857438878605,-0.030763265578647392,-0.023540234754642935,-0.02795834130417799,-7.332069077288083e-05,0.02110816857370711,0.00203016114422783
201162_at,-0.008176235080961965,0.026632191702988178,0.029242226768008674,-0.06793087410323356,0.03221536503523327,-0.032921827846546674,-0.0006490081847633749,-0.01733085216960662,0.012055361151740851,-0.012987475954099229
205242_at,0.011389024483065033,0.010044178975591402,-0.004508997117976839,0.021681376766938317,0.004406269352023858,0.02041753309538705,-0.002289488398641272,-0.038981946188012255,-0.003544934641844949,-0.001771684759347038
211644_x_at,0.04555591556092285,0.009578019487240906,0.01836449207800355,0.03835733943077921,-0.0007329239237490531,0.013856593980513098,-0.0005393303055480982,-0.01764895000209371,-0.02213495247602192,0.006275634066155096
201952_at,-0.019043937421527976,0.011710244770113646,0.0028049584271220332,0.03504842525110468,-0.009011029794903019,-0.024846850005854116,-0.04720722594959991,0.008618635961431378,0.04455389210781791,-0.06584673341719671
207721_x_at,-0.015794687971046033,0.013729257585467754,-0.018635125981716613,-0.03020619034707756,-0.036376563410299136,-0.016413602537502382,-0.022025446675042817,-0.03457135030327954,0.07852150752728938,-0.042430464804810386
211429_s_at,-0.005147884987779148,0.012184674018971378,0.01811786076293668,0.025599978272091643,-0.019110776890188034,-0.011573353383506282,0.028154170405421824,0.04221554745821475,-0.027220705619191748,-0.0024891128831689142
217753_s_at,-0.011156311341459321,0.025545084473428358,-0.01464572805327102,0.003948022896923091,-0.006788054923686987,-0.02672960870469337,-0.009045792734577849,-0.0061503902634848515,0.018094529975960876,0.00941402047672059
210592_s_at,0.016381202054005728,-0.0036427393651991963,-0.01360422582613769,-0.02415502306721434,0.025837007293516328,-0.024324105364370567,-0.007968910982543986,0.03428600792235085,0.03746393700868116,-0.036206814232023724
208581_x_at,0.008533349310567784,-0.01130255555543859,-0.046540019217494816,-0.02764264088538068,0.00650280739515109,-0.0036125177497417856,0.00571366505403645,-0.001665029916440539,0.0021703908119723356,-0.07685480312772543
202575_at,-0.008126311984300368,-0.040853449074889234,0.017845485471341547,0.03437302363557981,-0.029074880999817965,-0.0020389846480883744,-0.012239570180161462,-0.0140391062007783,-0.0218901270956803,0.03459324821978003
201631_s_at,-0.02928225334562575,-0.006385222535058067,-0.0062048935005211145,0.02632808869395078,-0.0066757195652383475,-0.01690951973457503,-0.0044956186214438814,0.018739296686301688,-0.03891926926981164,-0.0027104512471115357
200002_at,-0.002338316916855145,0.03946422950513452,-0.016052291435497017,-0.02809178799603199,-0.02585361016953869,0.0058749396690583955,0.00737732300687199,-0.03787180700291888,0.019668865392773436,0.0020529599581904164
201568_at,-0.031048772739829762,0.01736342317421873,0.0036225506527869096,0.011293663924285284,-0.017440581699294425,-0.058602159032394345,-0.03645888533883379,0.008448153113438028,0.06071352210846981,-0.03635164442901022
200660_at,0.027717582661875823,-0.04977510764820414,0.0067094984063386515,-0.03484177277110592,0.018333941216779778,0.023986880801889873,-0.03185337729186759,0.05851946758929599,0.046068809757098046,0.0016488643573572537
211968_s_at,-0.006962153469857144,-0.054796313722803996,0.012653150669824796,0.004847349531547615,-0.015662663863183622,0.011773793183179743,-0.026895241356316567,0.005820160853966165,-0.029475784263508085,-0.0027033188785252934
200858_s_at,-0.004677275999147298,0.043095257661848414,-0.03798115211075277,-0.017153156692584912,-0.003347960960238239,0.027620153529823586,-0.005179647653045744,0.012002863518022376,0.0031193491520105534,0.01179606263583572
201268_at,-0.0013679138537587457,-0.017700512423468935,-0.026167974023100275,-0.02054789368946513,-0.018144915487817492,-0.021660475513164294,0.023678052783974793,-0.06995635951530532,0.005673870176347409,-0.03554794984594864
211969_at,-0.011419095109010553,-0.05377638959854743,-0.012613575764113656,0.011265209625555701,-0.002394433002218182,-0.017546644116234127,-0.02877664552522655,-0.0031341336036866574,-0.007271565448071615,-0.006772581583188733
AFFX-BioDn-3_at,-0.002515986294118107,-0.006320298291756732,0.016251147632695823,0.05358618182501424,0.04389043338521768,0.040129056026872056,0.014516741716730557,-0.015459322178363478,0.012289260739860735,-0.008801151300651297
221791_s_at,-0.02908212374291873,0.000491955843656754,-0.04804443550136293,0.01943057844760606,0.019041134142415296,-0.0490734090008245,-0.01051520296867968,-0.0012822788169036471,-0.00999218507971822,0.013388791827219953
201030_x_at,0.027489416504729133,-0.013842003203754375,-0.06263863911616908,-0.01660444258929516,0.00912927387964319,0.04019642169222185,0.04162227496318714,0.0033059606690016455,-0.003810945075588482,0.02846528944176154
212956_at,-0.042928740291667086,0.01800080101959853,0.04260250578499392,0.04369748841975765,-0.04497927542040292,-0.023100522092712683,-0.01620422384009425,-0.015170295795089245,0.006345893632148216,0.05598448913471555
210982_s_at,0.049565911510143265,0.017958913797249072,0.0485834925971438,-0.030787407479898665,-0.01658993775706611,-0.002549631736008132,0.04415698699636092,-0.0010955049174965128,0.024559008895354163,-0.0006833748484325084
208635_x_at,-0.022133338179743785,0.043564267447051525,0.006074707402183491,-0.035027646770593245,-0.045887658763527274,-0.021410275434681814,-0.023767047588543016,0.0020221807492532577,0.014158720337185543,-0.006284222283478556
213693_s_at,-0.03355525289131143,0.025215167311109746,0.031855485819681374,0.0129659088977269,0.005594778424744313,-0.03161928519899548,-0.035630313907645095,0.0920961676954041,0.006155071607298562,-0.014068673833468014
201592_at,-0.024340254845880666,-0.009785439502415571,-0.03462905877908116,-0.005903942011199436,-0.04188101513051826,-0.027175879210819726,-0.02334416895392791,-0.015406105962000217,0.03196927665991285,0.04661334488842095
210338_s_at,0.01418381926949151,-0.01989110657076474,0.06384970470322726,-0.04096988569089498,-0.073169094097447,0.04629485700134681,0.0015776390823094072,-0.03469187200820251,0.06410171975082196,-0.01110411787885954
200905_x_at,0.051394524164155415,0.003535159683589361,-0.021178562291455757,-0.003860161215419424,0.00780936341817464,-0.04766744315151397,0.06867108337897052,0.04479021356598542,-0.004453283303213736,0.005053077660724189
212203_x_at,0.01939475119504971,-0.015223669308854956,0.02280386227573206,-0.021470987921817813,-0.0228191360271398,-0.026124542878150022,0.0597626143422355,0.00036379307530416254,-0.006137557798685785,0.021223251189268138
AFFX-r2-Ec-bioD-5_at,-0.0009914613883818782,-0.002012801385092566,0.021425748741183765,0.06159155223146482,0.04747457456193815,0.04887534449696872,0.017927470579535424,-0.0204276917188956,0.020303643066710717,-0.009311868616454558
221875_x_at,0.054716344221806275,-0.018725470245889976,-0.008577824226240868,-0.009723857698013639,-0.017456953450387787,-0.019815151029662303,0.09506535104511867,0.04690075843081909,0.0019170525032944899,0.010560772113868359
209351_at,0.010053179675936568,0.0002839243969634031,-0.037575051344257135,-0.011596421272960308,0.039158844495909,0.04299132780845387,0.03926782272878221,0.02422898891011751,-0.027228509607084235,0.017255302149614262
208980_s_at,0.01031719985642312,-0.02873056781493453,0.09579123789506229,-0.015370503212363081,-0.050968458274362104,0.04370931641878767,0.0008623053504982645,-0.012611150850418053,0.0074038344266707705,-0.010092778797962203
202428_x_at,0.009252277809640589,-0.00992116122100878,-0.0118319096673565,-0.019452525942232814,-0.008326258154740834,-0.012891901299582493,-0.07200148641085485,0.05318515431661626,0.09105993716094299,-0.04735467966347886
200022_at,-0.010710221455138018,0.030992123692782172,0.023660052280797463,-0.04128746733431773,-0.07206832872634013,0.04748243216766963,-0.005413687401011524,-0.006986926485780653,0.0014830126471841027,0.009207337114672774
AFFX-HSAC07/X00351_5_at,0.023522793568819415,-0.03185665387419015,0.08229221008141621,-0.03975346619539102,-0.04483924706300968,0.06397120481150796,-0.0026051923670758733,-0.002013593247653908,0.01975468987532089,0.012616781351757724
212933_x_at,-0.00300767022283522,0.02615454313113532,-0.060202681249197185,-0.014098580997677463,-0.002795086533148597,0.003031340100905574,-0.007104486260513784,0.01950319573126743,-0.06141293734164839,0.007661897879870697
202089_s_at,-0.0330459651264923,-0.00399053578257093,0.06371135846049282,0.03338519904503399,-0.07080671770598504,-0.008683778665887387,0.007820333649564413,0.014219889171020947,-0.03411725397784237,0.05908735946719839
221475_s_at,-0.01699715216540223,0.044006534808454685,-0.03388861940926746,-0.006799452065904196,0.0036737802924595004,0.007880219324772723,0.006842435234715443,-0.008365785951927244,0.005835215597357475,0.021525547265635065
200654_at,0.0069512931411845735,-0.05209617296722752,0.02232902786700974,-0.017403742846998686,-0.043481628432888456,-0.000679736126633891,-0.03297081203936706,0.026033932215554317,-0.03545546156702784,-0.03088029851845512
200064_at,0.008402525527041148,-0.061589783213783784,0.02399844849773769,-0.029562414656959208,-0.07970198221271488,0.027620142839290866,-0.001644035470040906,-0.016501362557611216,0.033581792139898654,0.008788305232663076
202286_s_at,-0.010342588218286456,0.0044592985367152595,-0.008642826204839037,-0.004583063810331302,0.017553423100203868,-0.004272997566220061,-0.05028229380649007,0.12065242268872405,0.033242984145765736,0.03289769770540559
209251_x_at,0.008753256099310339,-0.07983451286919341,-0.0410273431479084,-0.03213167882626253,0.0033491211924110724,-0.03610616399782585,0.0031916509970788365,-0.009463460567785551,-0.0021237690981907925,-0.022339086184779214
200665_s_at,-0.0158951110452761,0.016287254818280777,0.051872812693031956,-0.06270444756894529,0.0749718851376835,-0.02986672434960834,-0.011383687258838334,-0.020463953004389315,-0.00011698237932149034,0.015662949866629024
205081_at,-0.03430961703599658,0.00020980197691422396,0.027539435794477554,0.02765739529681629,-0.016638093259617227,-0.05111350071843244,3.4941344602629684e-06,-0.012266395370881344,-0.029243839822957685,-0.04055381187050244
208894_at,0.052732531609125215,0.01591223472666824,0.053020235675305276,-0.028648039913806836,-0.016201547306409,0.0019688423817437535,0.0478078176188704,-0.004105121712240818,0.03696183967215201,0.010819524926041579
200670_at,-0.03547410006643555,0.0254780274354374,0.0687716270143438,0.03198636013197131,-0.0774890236903458,-0.03365389210247424,-0.022059854365760363,-0.009992898854135335,0.018600310869696195,0.007272899693655524
201601_x_at,0.019318622804252488,-0.021848415119942125,0.0040421120328139725,-0.0049725565865610605,-0.0471454820932587,-0.041452500816148125,0.07763502835134627,-0.013810748027755476,-0.02102435678662985,0.009041043754252187
200871_s_at,0.018472875458146628,-0.01973536173897929,-0.009010738498436194,-0.025939766116223957,0.006784872656133196,-0.08169988241999719,0.023533099614338086,0.03693045639286878,0.014149933980467542,0.01070640406576204
211813_x_at,0.00472159591895688,0.028925176873586336,0.08602916035248699,-0.06563768170391716,0.020173477077352033,0.022007199119880583,-0.0036508179647871623,-0.04326786833189079,-0.007084065734806044,-0.006554908350909279
213428_s_at,-0.013540374461102135,-0.0025664091391448198,0.023193954394146257,-0.07511599131502719,0.08753424523286786,-0.03924501531178488,0.005906860936173413,-0.002319956640504502,-0.05065236917662126,0.02692708943780708
200748_s_at,0.0016114946017646505,-0.01833869568718239,0.025969424774747864,-0.05194539214422805,-0.01089419823546596,-0.039683616735539315,-0.0006915359278679756,-0.009311493532836335,0.08080963614622742,0.04132118594075044
200614_at,-0.00438645980540525,-0.04322713400226693,0.02327629322172303,-0.003628770297376027,-0.02450580868914475,-0.035782156314355086,-0.009690864916074241,-0.05550727999114708,0.038777377262341546,-0.07109240453340758
213356_x_at,-0.031241115655625127,0.025022053020874485,-0.023263931347571667,-0.0019922037908506195,-0.019939516647245154,-0.03202458818022709,-0.011283757885643904,-0.008930787197471635,0.008166503510846147,0.035339422109182006
211750_x_at,0.004612069235946028,-0.07321813592162123,-0.034208036915492554,-0.030758874190768545,0.006003460557185227,-0.018093821712012646,-0.005344834406474838,-0.021665033613157338,0.02461830671801582,-0.00983793620112029
217148_x_at,0.052109102212323316,0.0070312458228570605,0.014434589578496995,0.039307033904824325,-0.0021180238633793243,0.02374426338405997,-0.020040676923268094,-0.02062202111844919,-0.01573128343990034,-0.008228269658375118
201438_at,-0.01530394156906148,0.011940293846856208,0.05299341492316039,-0.07772055523455317,0.08267467266223162,-0.0431803044928971,-0.024770541716443974,-0.014696321510272715,-0.02389029477084772,-0.0009447378985389462
200632_s_at,0.016575086239703298,-0.054237158261738486,-0.05398369033884935,-0.01426379083618166,0.023763728271906558,0.055357809495501814,0.002857749957904679,-0.009568452098110245,0.015629066925939673,0.02760557893787122
218211_s_at,-0.05356184319244407,0.02668812051347003,0.04622180613358255,0.04410100909720102,-0.04291197015875657,-0.05876396628913164,-0.04217846816950334,0.03847162730898334,-0.010324744923652675,-0.0336705413124074
220960_x_at,0.00970325202683007,0.04174249891009691,-0.017890841642408357,-0.03528857303262858,-0.02979404496498722,0.03068326969393834,0.004700401675568226,-0.017440391876049004,0.057048881109162425,0.016855560962978154
214938_x_at,-0.0117906834261719,-0.014677627952020142,-0.047311356302121216,0.006270271853057502,0.036095632224405726,-0.032077818055797014,-0.005279850985721962,0.026536479137415678,-0.012248652429339197,0.0331303059027536
212042_x_at,-0.011253718652073731,0.023832396065699125,-0.014349065925836405,0.006527544511817619,0.01401088944821183,0.0321935573529683,0.007458756543577642,-0.05645463895471543,0.04607342509425438,0.053037565826196426
205030_at,0.028106058341671316,-0.017897739935568615,-0.021772847275710026,0.02285211267046993,0.017421721401075178,0.02488115263950666,0.004441844965124125,0.038716310021319617,0.02532709052516921,-0.027708956808016834
216342_x_at,-0.02128839150562088,0.0438579745184507,-0.023868463579489692,0.017131311045084138,0.01078030050578617,0.008596601838592451,-0.0071558663021272844,0.03387634918173495,-0.024013907083159355,0.009924534543343551
211710_x_at,-0.0031794149095661912,0.03982700507501559,-0.01445905149457388,-0.06337830764873703,-0.03711261064613309,0.035686003403414344,-0.02394774868855392,0.012780897583613367,-0.03127745393826517,-0.05181045437514416
33322_i_at,0.002375347679709042,-0.031373904075443285,-0.07442810371566659,-0.00828898741412647,0.033418108221309355,0.005431036508298723,0.02829132469852043,0.032613654655993085,-0.02074114794838582,-0.00650449988138006
213503_x_at,-0.017750054707357455,-0.012356520705914748,-0.023254039781326764,-0.05395333005340764,0.031926224983974516,-0.05631520513517596,-0.00503941421023057,0.03491720172962297,0.028259604880695535,-0.029718364186908753
213890_x_at,-0.00673353552630254,0.02342913117046678,-0.05441891383048914,-0.025852525621108822,-0.01280223341663293,0.0008207403925975622,-0.014450686901292895,-0.0026776606207042164,-0.03468554791133303,-0.003568789277475703
205483_s_at,0.01780748203479219,-0.048759891215398345,-0.006709959459462295,0.020219442637190957,-0.04000594445192473,-0.03274672361683106,0.09230876021434846,-0.023500662506358655,-0.011174361329340876,-0.030424266669946534
217807_s_at,-0.027972885530330005,0.07143474662386694,-0.028708350691078046,0.00455579174525498,-0.0002216114351393451,-0.005208066315242433,-0.004767116864275729,0.03524469188498801,-0.061648304934423484,0.0039845852767803214
201090_x_at,0.002014227815358567,-0.0813182040403986,-0.03511137226419641,-0.033926822181934345,-0.014237235328489448,-0.04324672073240661,0.010848469537839356,-0.041155558761406814,0.019354685558955576,-0.01314994510717172
215193_x_at,0.05762242339451224,0.019348408277201502,0.03354206775993177,-0.03155723684894513,-0.013712176918996904,-0.023274822458647742,0.06424971316663565,0.0028363141870808247,0.048344453065341415,0.015764378061747793
211528_x_at,0.06030345391614205,-0.021856066477099794,0.0333824580047624,-0.024545285573075414,-0.044423734164237824,0.013011716366364917,0.09639443036904238,0.03549369092361583,0.013822320476459326,0.005834646830053416
203980_at,-0.003152599551275694,0.04721128492655184,0.012862082813707706,-0.01879731301551939,0.03138591868373066,-0.03809164170338621,0.018982587180322592,0.002270513471488788,0.006039684618578205,-0.007643778890674163
200715_x_at,-0.02103374511722468,0.07894569473400602,-0.018650402711098225,-0.019790869265173074,-0.029138909929239107,0.0021631159556788266,-0.0043046120811279336,-0.021456478786285177,0.001449374220029055,-0.020514577039099497
214290_s_at,-0.005934574583786553,-0.031029685925773293,0.021681271557483894,0.0007375308982516462,-0.04997773301613093,-0.022360552049858876,0.012971196160217694,0.008808674001833383,-0.01853442483206696,-0.02411426940107578
201590_x_at,-0.016187381939371095,-0.015451866061586984,-0.01914102830117039,-0.06836352808138743,0.028055430696420004,-0.06173707169344349,-0.0012559677925937348,0.04425560207578647,0.025536530770484133,-0.0387445659497312
201553_s_at,-0.012021255735822937,-0.014204656187562678,-0.06568338913011632,0.004811164195642577,0.03836587703313123,-0.05845621673720993,-0.0020048982277730246,0.06680852426517002,-0.023901670959992113,0.02424676161265522
211990_at,0.03611271851063369,0.035369347755132036,0.006386204757062701,-0.00589249215102876,0.03390279439925269,-0.06066144698690969,0.06055590546302136,0.025497257580829037,0.02347205413717377,0.0041903418221828645
211645_x_at,0.056625244473160315,0.008547454032921049,0.013429561808226942,0.038685310750396766,-0.0003894307931074256,0.019738328625528854,-0.009718636212714148,-0.015012063434817655,-0.01449530073576278,0.004951063707133574
211072_x_at,-0.001642470190512444,-0.07718924532588607,-0.04704076008465877,-0.028759292331345308,-0.0013924750260686145,-0.048361850964001835,0.0016108068040046992,-0.03135035700570378,0.022565754575083505,-0.0030945296765607566
211529_x_at,0.06018338648242946,-0.018385253923570835,0.01630881192851862,-0.02504925289644072,-0.03632652577240711,0.0006651586062339694,0.10796030107727896,0.042388745889368834,0.023397433749033292,0.022727353585681013
208768_x_at,0.003956608600498938,0.033866886215338884,-0.0420386585871402,-0.03197905384621581,-0.006195379846702371,0.01568051909202635,0.010246322556416028,0.004149931922172797,-0.009368972552562561,0.0020192777222887374
213969_x_at,-0.011628197547416017,0.03901024059877974,0.020648204273575766,-0.03602541530244288,-0.05450251036320784,0.048930910156453226,-0.018409101065590263,-0.0029624971732861174,-0.0653608326425975,-0.004841335144979202
201154_x_at,-0.007589632090633546,0.04967346801098171,-0.03094584768882247,-0.06417335752380579,-0.029362740388777023,0.02762172395878262,-0.027254412938229753,0.00629931451603468,-0.02636329059190706,-0.0412337502832932
200019_s_at,-0.008556300232322595,0.029724552248162416,-0.04514039487063135,-0.002474307810752508,-0.007440562251489048,-0.030412697425274617,0.003194304785076831,-0.02626348718527637,-0.003788468211057428,0.015343426440727849
213588_x_at,-0.02389641847680666,0.043666037559227024,-0.05081797621562699,0.027513076487861405,0.02218726933667119,-0.014235870211341992,0.012346295492813547,0.0071330716650224715,-0.04667673050451793,-0.0005820284560516838
206754_s_at,-0.03548548874474389,0.008317605625798771,0.0373019059431148,0.054387855679663644,-0.02953404724288173,-0.03639178850616478,0.034194722634672596,0.06468807779978318,-0.04277271936163438,-0.016070294532734137
209309_at,-0.02834558503815709,0.03216096061011237,0.03454057912619137,0.028191603808667573,-0.04953664402403512,-0.010724325197190623,-0.059003578202315436,0.11032748908686336,0.03997795912848631,-0.0070584635386337375
214428_x_at,-0.02868462967499085,0.0483019827805689,0.020017437875678164,0.004743928069816298,-0.004036664770016633,-0.04710342366706829,-0.01771743286966705,0.046994795087396776,-0.0026542283674377597,0.034531702679807465
208645_s_at,-0.004188825275101339,0.032976294171593055,0.05722057299041739,-0.051357275617033606,-0.08072712322872795,0.040981285249948575,-0.019288175169832274,-0.015826191367053495,-0.011163872021073554,0.010896314310974075
211997_x_at,0.005564697985688918,-0.048408183831098545,0.047776469104323614,-0.03945498184729478,-0.06309612876867304,-0.020860397690706647,0.0274718614781312,-0.049560238294379444,0.03636431475779551,0.012987687330494593
213941_x_at,-0.004031124306010955,0.02244291228227708,-0.08783897872274118,-0.011591775210153935,0.03160130262598942,0.0003919021633785397,-0.013479298361743131,0.025208382851097413,0.001931427686889628,0.014361087542940874
210427_x_at,-0.019344438794120563,-0.01362269597053731,-0.02545753403920076,-0.05550363486292005,0.03343549834578696,-0.05576818030639385,-0.011856784636104473,0.030928633441175125,0.03890391073742042,-0.026923435931252775
212639_x_at,0.006134007267680755,-0.09334264758215366,-0.035176617173930766,-0.037682204633767896,-0.012161054175548908,-0.036321542500965025,0.011532285343999709,-0.05102238533615207,0.048011844374025746,0.0051920639008824045
212433_x_at,-0.003729893215159001,0.010889897622591663,0.005022759260308686,-0.037153753555939924,-0.04674955199738219,0.060279014622844976,-0.018844872871856704,-0.05608829823614061,-0.006591104072009373,0.02263978084660181
200725_x_at,0.002062452507565534,0.03054058375491301,0.03145105163281499,-0.04620710399036186,-0.053369275392910226,0.04873987478716241,-0.012982557789032284,0.00987244605848617,-0.01647153918616924,-0.015475635209195713
214022_s_at,0.01926087834911752,-0.02468428353709983,-0.006990140788429738,0.004250057506921597,-0.04415108877746113,-0.061954636909377366,0.09953361661713543,-0.012075173396320317,-0.019403833332344838,0.0270608184010257
212191_x_at,0.011301175589661027,0.030000714802057207,-0.04268785387727728,-0.07718620348078128,-0.032477538371696514,0.03215071297236962,-0.020649583426982067,0.02866656043647074,-0.0988402629653475,-0.012381617631909913
204670_x_at,0.05637325490627476,0.02357509745677376,0.0003839755408606112,-0.017846090509259095,0.010416787000111007,-0.06443461028014714,0.06613669034056043,0.0209454309482541,0.029081560082185078,0.011475062932537831
211942_x_at,-0.01140297751066074,0.05870118868322204,0.00023141887100565595,-0.07458759976794857,-0.06778440210226411,0.034269131635837384,-0.02459377386476542,-0.02765714136876604,0.0064576824915125765,-0.002085113513451103
200038_s_at,-0.01802977207052001,0.059737191179629764,-0.014271266241732907,-0.034492438216067095,-0.012703388588439573,0.028451397860459117,0.02286085550532767,-0.027366982193596626,0.01893515391956411,0.03213603079094182
200966_x_at,-0.016558603811478615,-0.06421749315197503,0.052676023730803226,-0.006444471789937754,-0.05605766712872871,-0.0004570290756211993,-0.024139676476237448,-0.04705288036236386,0.021780959705015424,0.01918309247709904
214687_x_at,-0.021252273994307114,-0.0626010443244799,0.041452099186807846,-0.0024654334345629047,-0.047610546897592275,-0.009337991460462838,-0.028862570546254747,-0.052455515947674794,0.030251262074609653,0.020706740163070943
221775_x_at,-0.0006133618503920002,0.03761059994447486,-0.045166643730662315,-0.027165022629257848,0.0022483524729050453,0.016604878450945482,0.006469041212419542,-0.006635471096884052,0.00864965613730732,0.01238411725539929
200003_s_at,-0.007366410031263503,0.03755528224594839,-0.013614128172552576,-0.04043032255283598,-0.04586207700219978,-0.0022932802365649104,0.009145626997793815,-0.02804148024347726,-0.02661721723451749,-0.0200559845968024
200018_at,-0.0157362984104847,0.041351508770153506,-0.03386645182045947,-0.017001723143342584,-0.006176600546164276,-0.011858615881103405,0.014289288055837228,-0.006002666087387721,0.022033101328538595,0.011973047833118429
201105_at,-0.0014681731020892107,-0.03747240503354507,0.02577000048745331,-0.10570915089434178,0.05212080421301781,-0.029915995493051666,0.029635535264771577,-0.0365162312367204,-0.025084945944477424,-0.004765974652512086
211058_x_at,0.0034895721539111926,-0.09129342594128828,-0.03745957337352534,-0.037639924853558875,-0.006980684438910398,-0.0564294035006314,0.006246259737822064,-0.023106867625226773,0.003109216160335367,-0.01196464353581684
200092_s_at,-0.006072113962061934,0.049161510091143515,-0.032919791143900375,-0.0025451888922548285,0.022133717935763228,0.012119829751650407,0.002778529489690785,0.0021195082365764975,0.03627030747317786,0.02117109717204974
214351_x_at,0.019413217172272554,0.029356426326072067,-0.025344171185740973,-0.06721738772961207,-0.023506271669683776,0.027369458591694602,-0.011220552718851015,0.01938755239872845,-0.10285691803673454,-0.0006541897450193169
215176_x_at,0.07374290996534033,0.007895481461462947,0.020917314273683495,0.03788144608301256,-0.007088053125574676,0.01828300704694446,-0.025912031869866077,-0.02172857055293542,-0.010592874622446584,2.0119092353595096e-05
200025_s_at,-0.027333277768078677,0.03336576853590272,-0.04261178081167525,-0.00510785396532907,0.012901161970583852,-0.02750183866659008,0.013652807240946177,-0.022194091054881005,0.009974233596921105,0.035417859347212505
200017_at,0.004265777185133567,0.05302712949225421,-0.04591070660482144,-0.029556471029373265,0.0130254971762537,0.013028363343565837,0.023394140671243166,-0.006935195642223241,0.07036962953291365,0.04483360981165594
200689_x_at,-0.0015614007099395487,0.00498244199942429,-0.04028544480626623,-0.0211992548691789,0.0028295634623955847,0.02498125069605646,-0.019324752286490436,0.02385027038466272,-0.0905285995642479,-0.006966901274891648
202018_s_at,0.019138903366127225,0.02173466190582534,0.01184592785866574,0.01435556745168908,-0.0034840451771002267,0.017234882355307943,-0.03203757874771374,0.12787110802394883,0.004442829949612897,0.01703806439394191
216438_s_at,0.013456592133904316,0.019086894753494513,0.016385004286394743,0.00022276219249130043,0.053768230728886396,-0.03763718397935072,0.03361300728219678,-0.003441518580381574,0.0735965618903662,0.009704746304531825
212185_x_at,0.0069647468444386925,-0.018436908730638035,-0.0699678434673284,-0.052680076014990036,-0.0014356349109918003,-0.03107382117952621,-0.004355628930169636,0.01498590701293196,-0.003776220838231934,-0.10894711141017305
211345_x_at,-0.001097471709742487,0.005849471537718864,-0.03775837243739175,-0.021339293036500544,2.258433061416968e-05,0.033273414905413724,-0.02359175482793614,0.01551006467078738,-0.0806235591754657,-0.003370989773139139
202411_at,0.019707477732218075,-0.03827210906513557,0.010867757004929524,0.029429045801844838,-0.04626893585072571,-0.0591515302298336,0.09468779793504611,-0.030828598785468748,0.03387588439775185,-0.003071089140111302
212273_x_at,0.017940146825113693,-0.07977375334831764,0.009865841398453028,-0.013829864852244338,-0.019179132326580126,0.010689749429938894,-0.06564780101645636,0.048747973589776866,-0.03924983900524144,0.01348643840597779
214548_x_at,0.01555083037670913,-0.08763353639274828,0.006252226964301076,-0.026000528065756902,-0.01754138383880842,-0.0034781822171197287,-0.07740952117748272,0.05642891419606562,-0.06356030127159154,0.021100885896422183
205916_at,0.011678243852789559,-0.0027331457927487575,-0.018345605103053636,0.0035115577507744225,0.029837241026300577,0.016185090378786317,-0.06623426751882867,0.040093532749224864,0.011905534647595667,-0.09869977745395235
211927_x_at,-0.0031075253715192284,0.024379110507675807,-0.02416177864720097,-0.04188686123225394,-0.016627268762829935,0.04773462851502996,-0.03298904108886556,-0.000803860972720404,-0.03396775385879905,0.012780682199999447
201893_x_at,0.0015363858135036491,0.05514485534610081,0.0891610349190107,-0.10316833355113797,0.05233545065981312,-0.01147855466897305,-0.009038411925705397,-0.039795468728524054,-0.0040276130719239175,-0.014684813625033823
200780_x_at,0.016581046888597187,-0.08017234958441012,0.0053385338590248846,-0.005552497328088071,-0.011377444324805553,0.008179446140398467,-0.06687625705556782,0.04928845496926632,-0.05383354665199331,0.012915940691306233
211628_x_at,-0.012385416428390153,-0.01786603605547042,-0.007774881095441859,0.0017145183364093686,0.03537362138318149,-0.06846040157250322,-0.004966771038892618,-0.004676032488682288,0.08230728972582321,0.07471909925819264
208692_at,-0.006850849971514757,0.05180039358244525,-0.027489951793060165,-0.04994705264853752,-0.02033906022948439,0.018559097904198477,0.020304094837742117,0.013481493102675442,-0.013411142172869855,0.01059411356156285
213646_x_at,0.0013228444100043253,-0.08775342945735598,-0.04911405764795194,-0.013562753918519318,0.004053923390202888,-0.04832199402135416,0.007314480974831362,-0.03936761757158494,0.013005931827339345,-0.00486349791116594
212988_x_at,-0.016081768800699777,-0.06490360315616896,0.008893211535511036,-0.0074439376899125735,0.013801355035294099,-0.027970993280744802,-0.020414798595049497,-0.013486727548707167,-0.06609776735329478,0.049573046159313156
204351_at,-0.004273854856939179,-0.02993166049176741,-0.023390408136051803,0.02913181612803612,0.016624093604287262,-0.055364139451127246,0.011836783768339102,0.05240100298935831,0.021067982091741738,-0.08532357187366175
AFFX-HUMGAPDH/M33197_M_at,0.02612946893325665,-0.08864721597491437,0.04532300130311708,-0.05190529882726474,-0.0725967265139844,0.10064212808671527,0.019173948221867916,-0.03853834279943759,-0.019422161851787925,-0.01693746410755391
208929_x_at,0.010137413553156272,0.0348418037489635,-0.051775969728461525,-0.05564241174223555,-0.00881299542365103,0.019172313951435038,-0.02095898378992804,0.027108884223015918,-0.0965294375495631,0.00016954721433095867
200633_at,-0.023761901241795426,-0.029360471820834712,-0.02895505728124275,0.028847478833769733,-0.014087201844543986,-0.09141572702066102,0.002796730402208051,0.027122191531181818,0.016835019431418602,0.01991467297561906
212363_x_at,-0.005210321453547856,-0.07913723725991968,0.06593387439394373,-0.051887887592840215,-0.02234414409230812,0.00564219907621562,-0.01966958648917889,-0.020706236401320376,-0.05511716600940637,0.06083647081090122
209374_s_at,0.0729585440899231,0.021680199012791564,-0.0006163010086640777,0.03461536837365059,0.0005462067482185835,-0.004068901077845166,0.027031079423141553,-0.027380330990023762,-0.01523953768383751,0.029518980086705972
201650_at,-0.040433304187555114,-0.03545509166694516,0.05415729342612818,0.007992674552860058,-0.07175668314383822,-0.03421705607026088,-0.01644869669835284,-0.08465670876327061,0.05012630767995845,0.038299453269822446
211666_x_at,-0.0006776208080020906,0.056610095546437804,0.06617630870543775,-0.07515822567907927,-0.10308779603781841,0.09359862266897731,-0.018279255624623014,0.011227382662757808,-0.02374559027134627,-0.009789479218697121
216207_x_at,0.06797775002619483,0.009026232954144902,0.022452486256894007,0.04280405197092194,-0.002502994992805114,0.0199696952070554,-0.02725072676166788,-0.0247113194302635,-0.02001577007944019,-0.010498889980129607
208113_x_at,0.009315475288642669,-0.0398466790409171,-0.044743902516660154,0.023969613260414455,0.02957447139240193,0.06468033718829365,-0.02560722718144069,-0.024833383612509793,0.011570283734224866,0.04357022956801518
210809_s_at,-0.033817344845362377,0.01810748479163447,0.06694942860255643,-0.09954439667148693,0.08026417098476599,-0.051503486204503034,-0.011655584399644219,-0.053635711780975315,0.03146557347570464,0.0033014323479002637
209134_s_at,-0.0022844983933313526,0.04795806935965605,0.002886955539804519,-0.027699055188264078,-0.017024611474819148,0.06347758915781705,0.024697517584273302,0.034019277123818296,-0.013363263121583781,0.04800575450327833
200081_s_at,0.002270471449948891,0.05262992130081353,0.012843895566095465,-0.056386452588993996,-0.04700865264373054,0.08405313232235427,0.02126494520859292,0.035937698866365476,-0.027327481608392185,0.03863133454699205
215823_x_at,0.011909639316930818,-0.03955294817890247,-0.031975686792726846,0.022888185171290328,0.021034250967973265,0.06351815314320026,-0.02847800152376228,-0.02896461095836951,0.0014823022051849697,0.04797495441521725
208451_s_at,-0.026485639798455016,0.050562826160776383,0.07942813285808771,-0.03242064010927855,-0.04585203220942993,-0.023314453466504504,-0.025953910038275428,0.0601725087857345,0.0017088525230301297,0.028997550685161536
201841_s_at,-0.043375066371147755,-0.06314500325865131,0.04319332406435619,0.018651494879804695,-0.030273842650067155,-0.0844795683305161,-0.057919249981865886,-0.07487922679588316,-0.061432986979190765,0.01778543784795815
211765_x_at,-0.013538419822967319,-0.07303336869251055,-0.04651854226334407,-0.024072281231396184,-0.03729420564228932,-0.049216511659685075,-0.010135974315846953,0.0025001729074026185,0.01642256420537153,-0.04325695825579133
209619_at,0.07242937561631607,0.01836079017443616,0.0359187913383453,-0.01553936963779653,-0.0015204623027076775,-0.06507184966068383,0.07705576619106824,0.028065124678175755,0.04416044353749826,0.023620478624485332
200012_x_at,-0.002152830212564623,0.08047370355306707,-0.038760166579000235,-0.025216985035297654,0.003920177424713972,-0.003944547390575733,0.0323524043237985,-0.015085926075188636,0.02193716346151916,-8.606506251115384e-05
200949_x_at,-0.006967457419272609,0.02426236283304421,-0.06640251533447422,-0.011955616601971626,0.027369373220380185,-0.008271438836134631,0.007701471674600069,-0.049406571371834115,0.04326827409042284,0.03145008698537276
200888_s_at,-0.018547186316684085,0.05318641196589218,0.0006355120182005016,-0.022425235097305925,-0.008521709523848071,-0.018397197606112362,0.004106423179571797,-0.04993708870536463,0.028408628602285324,-0.021004685383874268
201891_s_at,0.019867604440113987,0.007110372456234386,0.02880403043084374,0.017680956602067106,0.03779833168646855,-0.03460659451051913,0.0683317048557535,0.012700517493739514,0.046274959949297985,0.0010098239557102169
214328_s_at,-0.019426887544796267,-0.050273309304776366,-0.041283199500866626,0.036737420118641666,0.03596681085488777,-0.03747585205020336,-0.0328483540027744,-0.010381836027533979,0.018260767472815572,-0.00100670695885029
201426_s_at,0.028779452230234967,0.004471558127938407,0.026376158318709684,-0.13314251246497102,0.058349366473242036,0.011798079420150738,0.0474470619107576,0.02044806346731071,-0.013394622246836694,0.032912946138490586
200099_s_at,-0.008322795395173773,0.07941868045832277,0.01293458507095984,-0.043678697776123446,-0.02098955505169324,0.026780449821409702,0.013804597714406888,-0.03657972597954473,0.07652066795144855,0.016498604300381605
214440_at,-0.05801356595371094,0.03731287012813349,0.06335744700733947,0.03145388634816868,-0.035995823540272774,-0.05340646253783223,-0.018911548453263826,0.036507285613497864,0.015252606651482233,0.0744820414903399
214271_x_at,-0.019851402011823664,0.06852509742630991,-0.03167576903735948,-0.0358696522219864,-0.01866138304761441,0.03375635386182727,-0.005438346556628266,0.0019151062637604325,-0.047727171546266135,-0.0023511561513153436
200981_x_at,0.01783941204492979,-0.08447748678224383,0.007564704210129337,-0.006971398025517618,-0.020460622436497267,0.013589030573237834,-0.07544476321565972,0.04490916258514,-0.04435470915292693,0.016560636812322657
201406_at,-0.0212317601229173,0.08504339020515753,-0.03925936527465496,-0.041915742549492964,-0.023680133433301012,0.01409845386443066,-0.01640184572172734,-0.0006746350585802243,0.04811138713281922,0.03579120892887437
208729_x_at,0.07492514425088598,-0.03364718722436285,0.04696856123870887,-0.039143224721429025,-0.06576904257596015,0.007986448171619549,0.12944550301412583,0.05350675342256263,0.013239754816621834,-0.002520141222486929
200032_s_at,-0.01655162028502557,0.06256680814921896,0.007228694509532723,-0.00863383546492387,0.003458004549048866,0.02223487065015809,0.010542321440772549,-0.023184835952419696,0.04697887920071464,0.025065082354801607
205225_at,-0.07315571801347878,0.009470640995182572,0.06208610992271254,0.08169695706370204,-0.06262471790417602,-0.07599304074582976,-0.010655945009804713,-0.011925630722864148,-0.032086984912949416,0.07868775574476583
211940_x_at,-0.020687382574278105,-0.04101805695338414,0.02860602599724035,-0.04705306177319193,-0.077332828255937,-0.013868804212515408,-0.09640475929332995,0.08977955655858902,-0.04343759238814287,0.042216782227049714
211378_x_at,-0.0180059766848099,-0.07359415495816615,-0.052986597641417665,-0.024320965029492447,-0.03754415142978526,-0.053369293184726635,-0.011109582008027958,0.00010245084200013179,0.022792380574825258,-0.0424062527341334
212270_x_at,-0.023638427543456842,0.06279929194832193,-0.035538464488986087,-0.05072336026318192,-0.013379600203201383,0.02487949916767598,0.02430042335842541,-0.016901910775953155,-0.034787318851329393,-0.004591798327093814
211943_x_at,-0.01529863695709306,0.030719096196554063,0.036922838632173785,0.03421540472067115,0.030260662516728595,0.02123691138865902,-0.008294188611553175,0.0036173620070592003,0.02650782382569402,0.007101415534681771
211972_x_at,-0.015569919161335405,0.026216578908863298,0.012067313346632969,-0.03054495310449939,-0.058932168290001266,0.05238886294836409,-0.0023889756322788935,-0.061321228458906474,-0.017271408471123396,-0.04215647701791149
213347_x_at,-0.026948204163140595,0.04496485552240347,-0.015661512970788848,0.03216098973741642,0.02637994401383328,0.0063663341555977955,-0.012566085337288948,0.04085066820396037,-0.03646721930591029,0.016068812245696413
200674_s_at,-0.011827881230324369,0.04125076884782716,-0.03808695763928559,-0.026421660807711717,0.005371864650385623,0.0054039684071375705,-0.002338790431542229,0.0099076590483877,-0.03880213503098139,0.008765278897747787
200869_at,0.039862065554730056,0.015587110368630341,0.027255439536557784,-0.08367884396803597,-0.07696637178909299,0.10126254880335075,0.017704894862634168,-0.008900901898873608,-0.0004109471371698298,-0.011128773363573614
213453_x_at,0.01829264774252718,-0.11415539435081858,-0.0011254406016142767,-0.06988507568379809,-0.062019078646124645,0.08715682544293724,0.016674348673205056,-0.024013831783820362,-0.04906966706663054,-0.0398755111331175
217728_at,8.15242477686176e-05,-0.03989904576945167,-0.054451458323638305,-0.05338398472651391,0.05468492891288631,-0.008869211340081543,0.04244696733910457,0.08520290984789224,-0.05814162254777822,0.02253302228334194
213801_x_at,-0.021089071017851884,0.032171921719230584,-0.07714443021823607,0.013004567986465945,0.022654566754397473,-8.483001611586364e-06,0.011068917761952624,-0.024599587870492337,-0.042848633699946,-0.020638780126026254
201293_x_at,-0.017334765118956014,-0.07466656311684826,-0.052432485837734764,-0.019155076167844492,-0.03776091337130035,-0.048102827075273705,-0.022301038087978998,-0.009813885770397043,0.04979986367173556,-0.028887560491464487
208306_x_at,0.0769887642058869,0.01668789390639383,0.03949277869427791,-0.05352116599511238,-0.011189152501181647,-0.07106926967357004,0.10108535225092524,0.03417580953690521,0.03475779335424813,0.007163007558574442
201550_x_at,-0.018115540252183492,-0.0774552079534893,0.02828564455107244,-0.01805159915981704,0.0024379559724292494,-0.02123409228551752,-0.026659655802724242,-0.036698466880938536,-0.06291593427689504,0.06501041791291637
200936_at,-0.006359144757638058,-0.037096119687697764,-0.044150103331913854,-0.052826895698669295,-0.06831313044277044,0.0662323822042289,-0.012862312179378907,-0.0972754582805459,-0.002045691470330845,0.05754158953016496
211296_x_at,-0.00576221308885044,-0.05109610194829638,0.07946825188935952,0.00534344315372502,-0.05163133942658576,-0.003376391583205189,-0.013652215758035002,-0.01342015598068541,0.005466274109728603,-0.0472013225668165
202917_s_at,0.04232917747414483,-0.026545741317152347,-0.03241959533708029,0.001993086626135855,0.03256549677839519,0.025427599044770783,-0.07020966219681553,0.04354695462593625,0.04020517171903151,-0.11597097113680958
200763_s_at,-0.01944810719546192,0.042523954042781406,0.004689301125149215,0.018437405081113363,-0.014836254118570352,0.02266645866041719,0.02967969590840655,0.012637029690967232,-0.014858171429125398,0.0043807215108106826
201596_x_at,-0.06931244547433729,-0.03216231683847024,0.05353009022670941,0.038080658934202094,-0.05302405045085398,-0.10050507291236098,-0.05850762755296274,-0.0705856330635233,-0.005977756398242614,-0.04884577525200126
200031_s_at,-0.006413970206753244,0.046501048131245046,0.0012963932672011799,-0.02798772683471737,-0.013599199261286849,0.016636643575738082,0.01805785426706064,-0.026721949089357405,0.027469066678511143,-0.002161350781504617
212661_x_at,-0.014811462117497344,-0.06997882761434449,-0.04741781750518961,-0.010494554465142664,-0.03009788996578221,-0.037205682170061954,-0.026142806993415073,-0.013877832483040572,0.05832494780093686,-0.016953290180908832
202404_s_at,-0.03500151516637003,0.008378726728102033,0.0696363167698718,-0.10234228295890788,0.12347319328797436,-0.07519955107421314,-0.0330952579879593,-0.030449722713054864,-0.027362452199112246,0.0013431877425323525
212537_x_at,-0.02473166216163832,0.0683956332749714,-0.03457721151575074,-0.04645116248125988,-0.010171760884623415,0.03208920056190839,0.02228480900521225,-0.020687264551547253,-0.022614627434673108,0.002173654319480408
202029_x_at,-0.009252039018214189,-0.0022620415316408336,-0.08081109625253272,-0.004256895950318142,0.008244219144615626,-0.052672304680196576,0.02245811086592012,-0.03593172098257432,-0.02611264637379409,0.005719855003609592
200909_s_at,-0.009636778303578291,0.06291718779779157,-0.05058534820865617,-0.03227727975660852,-0.007454494457990299,-0.0050097506280522555,-0.01210927635990257,0.0024976496500458425,-0.03664776875296937,0.022898377708125337
209312_x_at,0.08121391597520496,0.02456279233107376,0.03449622608490236,-0.04623338728940242,-0.014614244535332638,-0.054760681739502,0.09602694562412059,0.009999758449886903,0.03968755377559233,0.005944483617676776
217740_x_at,-0.02985846390483425,0.06466993643448979,-0.02878728556214884,-0.03191644936176929,-0.03663984930662093,-0.011650980852475928,-0.029815619391490706,0.011165428056786563,-0.05882163256148076,-0.04621797549991961
200781_s_at,-0.011183018306240263,0.04696000245180794,0.007839055219427031,-0.0007212481513048082,0.0022556938761124894,0.013131792277436724,0.024364517295690728,-0.03928394112878493,0.07687851127389014,0.00960463396581942
200772_x_at,0.003912401887511606,-0.05056068445617664,-0.06147435438205269,-0.012161500181866937,0.004277917736505921,0.0003557732845114937,-0.00818755973267592,0.0653355307828953,-0.08442339834765035,-0.0013266398733713558
211978_x_at,-0.018317965491293352,-0.07827798807017482,-0.05081261606700085,-0.02224589516032074,-0.034136042709596,-0.048412837265913035,-0.017706395456206846,-0.007949640152142447,0.03157559966956389,-0.036400950257632736
214669_x_at,0.10145800584339766,0.02160222970593538,0.028003223847181145,0.04528278061141043,-0.011149028445655039,0.0021750776184967773,-0.022068083771078943,-0.02688431923576593,-0.03365777889640096,0.020264144169412038
200819_s_at,-0.032038945340776975,0.04724154714634288,-0.028728245040328407,-0.012614597909816016,-0.054154412587229604,-0.019532421432619875,-0.004839908889446357,-0.013544368120146408,-0.041667251668790865,-0.07281877950072246
200088_x_at,-0.02221100106780968,0.07154054028235772,-0.02150610475368625,-0.038538189360826244,-0.03079434994725061,0.028179745408226164,-0.008022631853044172,0.018757824470688748,-0.05020882317184398,0.013510115298062363
211921_x_at,0.0006169878200528258,-0.0446327357429976,-0.07268272349995064,-0.0008932974233596793,0.008607426962033043,-0.009135774751999687,-0.010564954757955295,0.06062858763514148,-0.0628877831188436,0.01315416004135677
211970_x_at,-0.02449917662077193,-0.07138010858813115,0.0036962821921599285,-0.00707529187980364,0.021292080698113523,-0.03549868288818037,-0.010190886987996865,-0.022336405608341426,-0.07186007060313279,0.04632348729180204
209173_at,-0.06443692761771272,0.028134913428954838,0.040190034301736455,0.04816186124213895,-0.044049859391621544,-0.09593153427319454,-0.02827014588326543,-0.0578228003246666,0.046355524288444874,-0.04592936430122922
221607_x_at,-0.01670859127699291,-0.06348762957840652,0.03044109541096934,0.0038007625381504618,0.011884577078028237,-0.0009909943530887586,-0.030163088102341223,-0.05625413438444755,-0.024313941364098902,0.08501935761196094
202649_x_at,0.012803979007799287,0.0403634868464571,-0.09201547901941787,-0.06474727673363144,-0.005822378939298141,0.03122837196579195,0.010997006035721964,-0.012986703317832188,-0.027503600415974407,-0.012093044892568766
200061_s_at,-0.01491871668489942,0.02162423238696428,-0.014428459189141029,0.022255756914864876,0.018430490249400903,0.018572005791010166,0.017603152466175907,-0.010081086636087876,0.007566153932530708,-0.0005792084081733747
212734_x_at,0.014714510729074683,0.022052850364345518,-0.028619282488563394,-0.06811888627681233,-0.01637775658673486,0.031110013310705672,-0.007935658221586211,0.03921354795702444,-0.1491188833665209,-0.02950227748429317
212578_x_at,-0.004606767416373835,0.05548361981841967,-0.050193962199994294,-0.015689544236288513,0.00699464070989762,0.02541007164397983,0.013204580690728746,-0.021723974321754474,0.017650290727490452,-0.026471263599612754
208755_x_at,-0.021741198296078918,-0.04669166635383205,0.0347642361513161,-0.03449007457709216,-0.06689024355542979,0.0011217447500323442,-0.09418643968065477,0.0785013329640829,-0.052320256689817456,0.029625164296079053
214327_x_at,-0.011535838792254085,0.017892634726621736,0.006816013004973274,0.041556217958377724,0.05244378755291252,0.024552329090221845,0.0037478506488716617,0.018946052850194597,0.022715539484314876,0.048169139603986694
214394_x_at,-0.038052929997835085,-0.0013722406342753979,-0.09499074078052511,0.03128926020124928,0.03572880143447154,-0.050623319229657085,-0.01849532355630891,-0.06872303821195443,-0.0018704374798449712,0.001511778874030756
214836_x_at,0.10114823196803062,0.02336788461347644,0.005490942929503034,0.05442823931608963,0.005469281956580608,-0.007883522910263454,-0.023586546050723016,-0.016653303555201258,-0.018248966299636103,0.014872469027348813
211995_x_at,0.0028992897181176315,-0.08564601787627459,0.11065825423289898,-0.06599980799063321,-0.06542411542273635,0.04170326384740681,-0.04412133895714562,-0.038802098479483196,-0.04511332366651071,0.07196806649286261
208695_s_at,-0.005285449186290885,0.013056886452218716,-0.03551277299610969,0.029015241971736393,0.04352711057203544,0.015080195092128166,0.00886724974641298,0.013986073252763976,0.008761192013928274,0.01504781587838465
213828_x_at,-0.030504599264961123,-0.04343295460927755,0.015731262192444407,-0.012319272302157418,-0.04469879257513203,-0.0061178696148709525,-0.0942904289112084,0.08162507257592443,-0.03301839594503037,0.046618610746837305
214317_x_at,-0.02632320728203841,0.10235636310755684,-0.10438574777134539,-0.011487277100053352,0.025110808062630892,-0.042797270903854406,-0.010133586786249284,-0.02333066413163467,-0.006525176633424746,-0.008448580621826508
AFFX-HSAC07/X00351_3_at,0.021565678848345392,-0.04878368385045972,0.054167738168354365,-0.010588922321362215,0.06718219697775694,0.022307174397817736,0.0041193078428319735,0.040642315707735736,0.051291337088712766,0.007803910776592355
200933_x_at,-0.030669829934352882,0.05021859960802949,0.007818072846258451,0.025183294299598334,0.002711813800148732,0.013203332234750469,-0.006951243797884528,0.03123885405211287,-0.017946635669152392,0.016805354225233243
211959_at,-0.016749018968561187,-0.007690509770498788,0.057636681786411674,0.019887765389385897,0.04201015894631759,-0.028191202785936793,0.038128282674694834,-0.025649873318049327,-0.03321852174765656,0.010254196683384734
211719_x_at,-0.016512684988069744,-0.03679483644925283,0.061032121399419624,-0.05075707483465653,0.1280786892398978,-0.05628804401417547,-0.015447335889101493,-0.029175020966233464,-0.03545568998542189,0.008285470640307777
213414_s_at,0.020726922826825804,0.03861413987464411,-0.059296875342596,-0.0724090521445935,-0.0261561793699015,0.05434227172021825,0.012314131187908414,-0.018030991942956966,-0.017171136881033857,-0.006082623828749796
AFFX-HUMGAPDH/M33197_3_at,0.0059486783472811645,-0.11106853695190394,-0.04044583290540319,-0.01849519722663804,-0.007699757624978021,0.06546511983710294,0.02717116768306953,-0.03835172862099331,-0.04099843901027299,-0.04330821369009156
211858_x_at,0.014953198351629162,-0.09771565991437531,-0.0398531030467558,-0.012522329681787634,0.005674641484287016,-0.02837926618974948,-0.0901775934232757,0.06975648016784437,-0.10163950251586777,-0.02587295513261101
211911_x_at,0.08920984186744639,-0.03414366887850786,0.06255131288995515,-0.054521744481226854,-0.07227695304001928,-0.0016241597292330687,0.1471610593477248,0.06633452201949439,0.019804913758741573,-0.0024558069092793715
214143_x_at,-0.04086315101089555,0.030055479379383136,-0.10311222994564548,0.00741626665435346,0.019440398853326053,-0.044882010041611485,-0.016478451523025038,0.03635184250337311,-0.04083322910172878,0.014015597289770873
213080_x_at,-0.01913029742053211,0.056859438866562424,-0.06634494440331862,0.014704866886384265,0.06581939911576953,0.03713262044289062,0.011727001258081128,0.017121545675198056,-0.010893238688636174,0.018154613051322186
212464_s_at,-0.01542614011281189,-0.037639208867743995,0.0974072120020265,-0.08711498702921569,0.13186505541848334,-0.04154975723182316,-0.006401378222065238,-0.049936262215257425,-0.00018682032664040963,-0.005948029833408527
206799_at,-0.03495376587789813,0.043754723112545024,0.04562672551377129,0.04065813320040893,-0.02577465684779554,-0.018271268551908488,0.0749217557844687,0.0530447285268351,0.0710983663116358,-0.1627663569877681
200029_at,-0.009928643724847717,0.010574734121994372,-0.02566292131700277,-0.014719907777965058,-0.020585341593897778,-0.04158246313773476,-0.02378419684504662,-0.027053344705242382,-0.015242855254795025,-0.1275855399499896
216520_s_at,-0.004609284413654281,0.05387911251667189,0.10153009595256612,-0.010015759947663787,-0.009299159847546952,0.0426069317683335,-0.0032254983390638515,0.01980049683465828,0.03574957467478847,-0.004555506704295733
AFFX-HSAC07/X00351_M_at,0.05628052609346999,-0.06488944189754983,0.14188093332993784,-0.10725762237380267,-0.06948520295297844,0.08618389032590741,-0.007720319256767957,0.017515405717608228,0.057104613475710775,-0.00402076178309401
215157_x_at,0.01688090223193905,-0.060149889111509536,-0.050553056978000256,0.010990913483550923,0.013826600844960499,0.08176705259490244,-0.0577340268552782,-0.024269699435235634,-0.01977245191186341,0.024027248898920547
216836_s_at,0.016029039938922966,-0.021515349494103247,0.00342657132756382,0.02321000887849656,0.004835603446819852,0.001586657954756589,-0.1237051962664831,-0.00046746593443272637,0.09534069620708614,-0.26023936851849244
216442_x_at,-0.02083229923661182,-0.039618619689573226,0.0773364839490562,-0.055090630613644505,0.1344361990275877,-0.04873817917637868,-0.024592992978397548,-0.03903901352359008,-0.007222188723051224,0.007979505420783493
217398_x_at,0.02629330213319945,-0.12771157997820756,0.04082513059977944,-0.08547988133726643,-0.091578276733998,0.11910907844329977,0.014126685535370467,-0.03753783612499043,-0.04637575681770004,-0.038845365819749046
214003_x_at,-0.008808593972830804,0.013247403769151947,-0.06491194962506029,0.020825560373555478,0.06689364773523508,-0.002728142066539255,0.01708444800226518,-0.024600739875316163,0.02043034376010934,0.04006428920536187
200021_at,0.0060215327192178454,-0.1081991021865116,0.023385461793402864,0.05224915727408356,0.012062780528330324,-0.028254390570128622,-0.01028791049692756,0.014304678015503074,-0.006394144103067281,-0.00955299051610764
218002_s_at,-0.02079333753474528,0.059764087528633575,0.03660665256637271,0.011813827001685111,0.01227519898642407,0.018380596766800365,0.05596182720615269,-0.027961021888627733,-0.03407024315530526,-0.023169214622338823
203034_s_at,-0.00254361172212093,0.050992445376598,-0.00802547854880246,0.0024458788081024737,0.023884468194638415,0.014210998749864602,0.025365721118849244,-0.007763026250343526,0.006291719987211125,0.015589496628203144
200809_x_at,-0.01983848278895509,0.0764359901784491,-0.006632157435841992,-0.033668465471740024,-0.02777837582663696,0.05293609212146628,-0.0037723923730342205,-0.007457897836747228,-0.024212660239642032,0.015999792598433444
201852_x_at,-0.011986071555658706,0.022970965864839765,0.1328141306644714,-0.1488362412912522,0.1051139311454257,-0.029672258108295504,-0.030376671002354142,-0.05178177096824792,-0.01101100177761864,-0.011909416707875651
202376_at,-0.04702548415052572,-0.010409202429694222,0.03681216730339102,0.022621591858687153,-0.0664571604003445,-0.036956069685505015,-0.0036455460757327594,0.09660072233631056,-0.06934129073398661,0.18486703136731852
210495_x_at,-0.017645343063881703,-0.040679984047378256,0.0794958009938301,-0.0605706095756692,0.13705825572840674,-0.05434594141185213,-0.01575116755115025,-0.028876136543872794,-0.028588489840675538,0.007846402994252046
216526_x_at,0.06781988842449052,-0.028081515715276017,0.009069621337183606,-0.004534852613579136,-0.030527784794831387,-0.08090139984614203,0.15747128243827252,0.10929398447277362,0.027782307604262268,0.03163024554545798
215313_x_at,0.07852180149300231,-0.03378304086446232,0.0017785256634104344,-0.02503965140561528,-0.006242246092153711,-0.06921856975764115,0.15200415828285196,0.10716202324397726,-0.004999151581919261,0.01081964521453985
200741_s_at,-0.003716993223308307,0.07363775725478162,-0.012555725055359077,-0.004695437587905531,0.010884392069415588,0.00966051345307787,0.050069455446773777,-0.015726447695200724,0.09318493370488538,0.024656313242321246
201665_x_at,-0.0052303619356580495,0.07769116919534662,-0.04197137088504226,-0.06366221359715478,-0.03471273669649757,0.022346976089478075,0.02109958810312546,-0.025166085240202054,0.03354896572586539,-0.026606002901961707
213377_x_at,0.009217399091301653,0.04434663588723822,-0.04597790740333998,-0.04468978955144524,-0.002883867227436218,0.042715454399922866,0.01441609789280135,0.0062339387572635605,0.07891215214634706,0.015632303995767958
208812_x_at,0.06751653752715117,-0.026444484746232715,0.02251922761859178,0.004463769459974875,-0.023787781403569946,-0.0736340621022322,0.15003418033053198,0.09979499008488363,0.029865579543772135,0.03781977807123454
213932_x_at,0.06522318376679083,-0.032227301441913325,-0.01753335080243953,0.004079446338017558,0.021232641557200286,-0.07628932624935336,0.14714451958156902,0.10096711936489701,-0.01093090365733315,0.015941752687447217
215946_x_at,0.08996083213721637,0.03550462742009033,-0.0014259719277429526,0.07006008655979626,0.024849721205649673,-0.010484350659757532,-0.0020864663333410643,-0.026140119026885206,-0.01824083050589831,-0.01222033723957672
213583_x_at,-0.005676052314641544,0.02585077154741193,0.04842927870520565,0.045108707084653026,0.048243008164212904,0.06204035245074399,0.02362227871336934,0.02184168426647573,0.03582800956486111,0.03323633191497864
216231_s_at,0.07472780237784694,0.0045886183734579825,0.08979002851633042,-0.05575056975004715,-0.0516164025571457,-0.03334678013250822,0.10961636720188536,0.005232903461630113,0.1067459500790575,-0.007698762462804833
208904_s_at,-0.020926470366835332,0.03302537474118567,-0.059702728036236344,0.028454622797452395,0.0327828063930084,0.0025665635503084937,0.022487525363230742,0.017863302562613176,-0.04504522510764807,0.005768281669273507
215963_x_at,-0.029617766560285266,0.09356827916670638,-0.021355469114273305,-0.04134415369422135,-0.03595095850394015,0.04325384754461618,-0.010683891735347997,0.02931221229078841,-0.05055228649630417,-0.008783855174263918
200026_at,-0.02473708762876418,0.09988012851708558,-0.03199896107401654,0.008310641085399386,0.039759615798848916,0.00793830189876108,0.0047844785855371205,0.0018700636319172947,0.039030226098850866,0.022041491727081763
200834_s_at,-0.029784129320080188,0.019250257271905262,-0.12573761575051787,0.001804961864593379,0.025018856962031256,-0.03789501724132084,0.01047103427245048,-0.09122347279535545,-0.014375288447137357,0.012150125203271562
201254_x_at,-0.008359775190606343,0.07213338082846914,-0.037454222111421354,-0.04182620980815453,-0.024475060305163925,0.0565384192136771,0.018769160817923288,0.058988185108078725,-0.03988883353488858,0.05554613676459077
200062_s_at,-0.006989905163701693,-0.012361745205262687,-0.07388326428479589,-0.001836532772413289,-0.0030135490845809936,0.012858122833612937,-0.009056778678906264,-0.12836739525278462,0.08839203110649559,0.026469357970856814
200716_x_at,-0.02606646623042595,0.05943340256422213,-0.021698554632090854,-0.03631225464225602,-0.03581212751135687,0.013265755737265869,0.020102026943213697,-0.032622797973118366,-0.014499295853120502,-0.03876664678597274
212788_x_at,0.03060428221395896,-0.040147733738389244,0.04296877815536099,-0.02635383410977234,0.07465524932570154,-0.06965257563201076,0.06576457412934235,-0.03324192053069936,0.04617120700730569,-0.025780522452999322
212581_x_at,0.016259024198458684,-0.1425421601720843,0.024599118958860418,-0.06305746215424962,-0.062051559112583664,0.0875595294213843,0.013744902603392334,-0.03883370735253301,-0.06799605779768207,-0.058615902747940804
202088_at,-0.09437853928528692,0.010371960215630853,0.06417155345049533,0.10176636068468264,-0.06902709993172454,-0.12849347023140284,-0.011467009595325713,-0.02011930426752811,-0.04913521032946585,0.12412594824540858
214459_x_at,0.075970367121643,-0.029121727907723317,0.034527287445215,-0.01839390980399315,-0.04564021784894846,-0.09572416096730335,0.16322692668526875,0.11275176679862153,0.022846997754058525,0.025982691984642346
211983_x_at,-0.03295913117492612,-0.063738031970264,-0.013243483205972996,0.01921368945327796,0.05705983272135209,-0.04940518744194256,-0.0034737623251634374,-0.046369002789854556,-0.053198313096092804,0.06671399366346688
200817_x_at,0.003687819093040602,0.057016229193181396,-0.021797174423652334,-0.11231615746225809,-0.05530184019169094,0.017229316590003967,0.036022991515441236,-0.035688452536865686,0.030352448979769936,-0.03242459788170509
211487_x_at,-0.005599098861583397,0.08577293821060229,-0.0426574554288731,-0.05456330731224205,-0.024782686862570874,0.04189697373419199,0.007502561189112207,-0.0459932958122692,0.07223942437566777,-0.00975144615628712
205009_at,-0.06164636606211883,0.04545535937809605,0.05465864191366196,0.07186397794255446,-0.032896216341142086,-0.09269223787330404,0.0717461815517678,0.027730529146740363,-0.08339100935668997,-0.03928302572476462
AFFX-CreX-5_at,0.00033821475656500274,0.00012960994532701815,0.05496614188914793,0.1077263042564911,0.09192710845998925,0.08126977491607715,0.04062293531364387,-0.031602276347049464,0.056561309072457815,0.0010909911106500231
209140_x_at,0.08932286369022263,-0.026381877230866897,0.01473615230308514,-0.02345783617733138,-0.03566060739175515,-0.08919533335903217,0.18363342874554678,0.10061919874296109,0.016470122648521147,-0.0034012381967742375
209604_s_at,-0.10345623159165357,0.03674895498718673,0.09635683572869212,0.0830827905065886,-0.096367997199801,-0.08114395103074856,-0.02354339110990454,-0.05387617110568505,-0.07853279072517307,0.06806270173570568
201094_at,-0.012952492687524918,0.06532374228036017,-0.08683954502175631,-0.009489793683804296,0.028813578644602083,-0.05063769418751537,0.027591675426051922,-0.050588792572429264,0.03835187596263446,-0.003996796798157049
213214_x_at,-0.033448774448968495,-0.06787355543495051,-0.006993679409759332,0.024281844412410294,0.05764351314754226,-0.037425296446410385,-0.018507422125485534,-0.05812868473668787,-0.03485064542979215,0.08132378483806488
200963_x_at,-0.03068692765619766,0.09510751180315079,-0.06609119199080651,-0.024490245703473766,0.007003179947157826,0.006365757154176012,0.012601158419526297,0.0032897083245704297,0.0518499763948712,-0.0006706509854802004
215076_s_at,-0.032323600793628296,0.03722620255844267,0.10980674880180388,-0.14454384040639834,0.14939425367170298,-0.061396184229603905,-0.04016594033285801,-0.050469676457861705,-0.005868495645240955,0.012172973784866713
203012_x_at,-0.007987124925886706,-0.012009665716790047,-0.0013020430910412578,0.038339094833867604,0.016676667719882007,-0.03441236026656169,0.004669577770179362,-0.001040720043835136,-0.09923707068178787,-0.08716034884765186
211720_x_at,-0.03532847857845647,0.023599751863296603,-0.03360140725569876,-0.00399873755760318,-0.023633432887413503,0.014048249367795957,0.0171593975774936,-0.045063055066519066,-0.05841937881935604,-0.05337331083431373
201049_s_at,-0.007138299973270904,0.01762702860017514,0.0035412034502005888,0.02321762562517545,0.019913633238536538,0.06010590966922962,0.014304890653306316,0.026553589728225795,-0.04670104095217455,-0.005875091447565478
204623_at,-0.05520703335203677,0.028243786965820115,0.04215348915865032,0.06448059528762799,-0.05400337794041752,-0.07677796938410278,0.08237149190088233,0.023408997109693373,-0.10494497390840947,-0.15368200193959697
211073_x_at,-0.03661844048599812,0.07199361708650345,-0.03300807905245227,-0.008069412119045903,-0.01964690944795124,0.04728022401771789,-0.02550004654687921,0.03502377672991361,-0.06431399946030353,-0.026961360231421955
212039_x_at,-0.03618781058268505,0.06346362644238958,-0.04853230008383335,-0.006485328279050258,-0.00854902877050148,0.04207703465367682,-0.016971537726810135,0.0433187310054297,-0.09725863543632496,-0.03829162526822169
203107_x_at,-0.01755981871455618,-0.0101712833949464,0.013838857547067913,0.005341100677470805,-0.0077091845503354595,0.06323561124516039,0.0042351437885834245,-0.05173951516682459,-0.06391064452679426,-0.012352355978546314
201217_x_at,-0.03335314065331711,0.06620607059479926,-0.012620956986050784,-0.02039798641440032,-0.027435091367065626,0.055784044675193614,0.0035374828266781476,0.032615784067889994,-0.07823730962115448,-0.05916515198294196
213614_x_at,-0.01640231260515232,0.01941729267352957,0.07001005076342767,0.06495094268049942,0.03859337805737771,0.07091971481856298,0.0163210224976647,0.0013349134442039328,0.0640321926484649,0.06975024096361505
217733_s_at,0.041860515901161945,-0.07071295491571669,-0.061157523584906795,0.006487916573094981,0.09554342499769963,-0.0436862687274826,-0.044618559172180154,0.05083652382976059,0.06970517761769583,-0.04058905924012483
201525_at,0.014658640097518131,0.04199693788651467,0.034334571529531135,-7.998951284997337e-05,0.025744619533647,-0.029748252783719245,-0.18294327621767412,0.14522489006574205,0.09000105220548796,-0.15646714876339665
208856_x_at,-0.03883486042890746,0.0315462561054852,-0.04067344098003923,0.005680461753105132,-0.02243124861676628,0.019026718502441715,0.007087234749812094,-0.07311314493096759,-0.02468259786062144,-0.04158388546762074
201033_x_at,-0.03697040247071387,0.028390325617409198,-0.037173799129693125,0.0024211471617509054,-0.022787758271269196,0.024227970238633312,0.009222447381197084,-0.06737139502342182,-0.04355801326206308,-0.05282675265000912
200717_x_at,-0.023880807362783738,0.02639233381445558,-0.032672728905656936,-0.007833234829274215,-0.003446106568387944,0.06285478487919569,-0.016119697026337806,-0.11238849248926243,0.09650171274237956,0.1086954448724362
200926_at,-0.03437969452955158,0.09286925344331333,-0.04016459466294273,-0.012010243874421097,0.025418214954391293,-0.036409853547336876,0.016193976517590292,-0.014441702184057896,0.024760691194619967,0.007779276739332834
212391_x_at,-0.02235250398568566,0.07960183767265881,0.01493106483428188,-0.002538642326717631,0.006124347578301185,0.027572113576038733,0.019830771351729608,-0.05074550846870716,0.06988809395867358,0.014048207218405316
211542_x_at,0.00046783883741729516,0.05977078413760923,-0.011528837092226686,-0.09051406180186701,-0.04647564185331692,0.042251414310632555,0.028904298705253437,-0.04989400368137523,0.07305791077039253,-0.014982498780366772
209771_x_at,0.030109633565981658,-0.09795402327002435,-0.024915806321924413,-0.004427798436651861,0.06942994236573706,0.09175006852756931,-0.16711628573653775,0.04905035897674193,0.12325359945847207,0.04134823443933632
205509_at,-0.03430036695525631,0.02340921498913294,0.06241207620045206,0.08209883142183926,-0.05952262865806687,-0.020921025397864428,0.0831966768474793,0.050525135377095146,-0.12191797848922348,-0.04413440739739228
212790_x_at,-0.03423556210981945,0.07298167257696049,-0.01941065740781981,-0.01474197682941036,-0.03468554282192605,0.030349170337430825,-0.0015918934447127925,-0.06559903392859656,0.025476975484493087,0.0031541664974594884
213477_x_at,-0.009052969275496967,0.01809401419883545,0.06577006589399172,0.06569239028246848,0.048939188911911825,0.08177880114800433,0.028756888540188347,0.011394362912387851,0.04263944924486614,0.027806202156292602
200801_x_at,0.03260956090389789,-0.07182047060174732,0.08871652361765306,-0.006459073947937128,0.07572753560379299,0.04161767009557061,0.00902449021223444,0.0462416368552793,0.04174268055582986,-0.02201585345835697
216379_x_at,0.02996737528873363,-0.09556180397551076,-0.024424194120960613,0.0015997758952452264,0.07290003064141236,0.09853213610857378,-0.17851539542614941,0.04455306461046925,0.13836360336025214,0.04751011473337928
202310_s_at,-0.03400521420372498,-0.00240328576976779,0.17808121123117956,-0.17021245489145984,0.17408231705506363,-0.05186124087052994,-0.04185455879767385,-0.052472902415268176,-0.06879622794343415,-0.012830163073173572
204892_x_at,-0.001226878326955187,0.02051004912862294,0.08195771653481224,0.026522463043101078,0.009539698843548796,0.08493237320553881,0.02168219156113431,0.022974278271432707,0.006734582620970032,0.004413567286925356
213867_x_at,0.02617532207885604,-0.06320616838737214,0.08441692556614455,0.01711336578367682,0.08352787852775057,0.04507121482060959,0.006778356991570638,0.03225665529900578,0.03937657747274532,-0.02014301164176302
212284_x_at,-0.02083991412883141,0.02147144847557831,0.04065311483775156,0.07624411839210289,0.07695884478517825,0.02355375996782859,0.003451794471698213,0.03684771541822702,-0.030854807612413913,-0.015563411194197902
201754_at,-0.1066704242942254,-0.04906878069707752,0.029391971501732433,0.11940961535197858,-0.108379649511526,-0.11929277298214974,0.015047448282511512,-0.16034025186097278,-0.008945068726710964,0.08629865795470959
221798_x_at,-0.025422740905823832,-0.004677832171204958,-0.007474114522664544,0.04485194127763841,0.012699880086001994,0.057664712254526455,-0.008432782333517392,-0.0609968022376104,-0.04747639763275227,-0.0011708293097415124
201429_s_at,-0.028319033959059617,0.015050808844078126,-0.02358599189376967,0.06938427955142086,0.05604978028253411,0.009277236432569138,0.018517252321448293,0.02937461107840244,-0.03779862456574933,0.021277953646006292
AFFX-CreX-3_at,0.0002099324559478754,-0.003277416571114114,0.062149044662302276,0.12414304613883649,0.11205475470074143,0.09095053505606014,0.051898415665237375,-0.022795949610238824,0.06427627189196065,-0.012824084347598672
206378_at,-0.04466506671324427,0.07424525181629783,0.07657245273051483,0.013769490568032295,-0.007413587380943978,-0.021554137121884174,0.06336643219217632,0.06270748508741097,0.14171181062839144,-0.28074824834968004
210646_x_at,-0.027502016545624442,0.05971921315301868,0.014013111202972326,-0.01885201203113535,-0.03631487360172309,0.04622377380156279,0.025848671319951805,-0.05648353240820524,0.007943187844090142,-0.028254947777816238
201257_x_at,-0.02575741780002611,0.08444424566628603,0.009931965914250157,0.014485863647989941,0.015210829384760401,0.04274116896175635,0.016910017783997144,-0.06923197414028835,0.0674486409203661,0.006675719530630618
201492_s_at,-0.038335618858346084,0.05522392867347433,0.023990629686792837,0.0506912103073986,0.0007806144870891309,-0.010680741290012275,0.03434976815939439,-0.05101514808065408,0.04736244166731034,-0.038440742049528846
208825_x_at,-0.017359482779829773,-0.0009597261675399814,9.970916223016561e-05,0.04774213230187326,0.00278010568351886,-0.04681594790235184,0.04061349545463408,-0.061693614446128475,-0.07174480872822632,-0.09784024659223611
206559_x_at,-0.010213796311286267,0.030701306567358602,0.09098937075467052,0.016812745981570686,0.004187249462928257,0.09896707652911593,0.039162303452628014,0.019177781650992324,0.040695150915837246,0.015809390453784256
202403_s_at,-0.03401376502725714,0.017534917507850366,0.15362238843999473,-0.17979552350155972,0.20339291301754114,-0.09940391435753368,-0.04091464004059967,-0.04425859589660262,-0.0775911597443931,-0.012383061169881436
213084_x_at,-0.02134298135049915,0.007069016084117202,-0.008735192109104764,0.050087401365700085,-0.0013032618456125281,-0.036569160260214596,0.03369058500647464,-0.07425017742149555,-0.04657812480245443,-0.08850100074435938
202291_s_at,-0.023802004431002822,0.05596349000973235,0.016666225889195804,-0.0026576414729779676,0.008615576230100985,-0.033350604435569066,-0.10803833648271424,0.11575601630615036,0.15662731780103453,0.3117927404342134
206509_at,-0.0314351218943254,0.10833494095605872,0.1030413241410305,0.06312118251665348,-0.06534122136183194,-0.009300204021310434,-0.16588650817969156,0.2769586131352926,0.09653918301814743,-0.05095788219368394
208834_x_at,-0.017950101253616114,0.0007447019725485374,-0.00461375319984667,0.05336712236747466,0.0009403144448026673,-0.042732588634899225,0.038014063186685376,-0.07276125137536374,-0.059562883252667946,-0.09877645346432777
212869_x_at,-0.020698764639957682,0.037409369866304235,0.04967802004342591,0.05867991730956883,0.06836825026418873,0.021054314050858277,-0.0005039866561511495,0.061019373200514065,-0.051175350403451954,-0.03287736393179365
207783_x_at,-0.018588540984736068,0.04368337737917831,0.0409402502430805,0.08166546609189893,0.09188234261284997,0.04550411242798934,-0.0038555914839584486,0.044204998391395474,-0.03271829588896999,-0.02820876131295974
215379_x_at,0.19532536094934963,0.04480476127268857,0.03393601242544906,0.08718552438974923,-0.021219983917975496,-0.02275548335058506,-0.0623394777377103,-0.044450781407214625,-0.01242984627333803,-0.006158400710484969
200095_x_at,-0.022633887114550093,0.04353628666316546,-0.06065326042145761,0.03452792210815562,0.06907146052802432,0.04717625070492478,0.05994283561301003,-0.02387431551820073,-0.01331453819220641,0.030853638126131705
AFFX-r2-P1-cre-5_at,-0.0004216083609202698,-0.020088630507467047,0.07349409763312743,0.15379764465917745,0.12422918520322769,0.10505784863134948,0.051921698197997856,-0.03780889820770185,0.06026964156562478,-0.030619336022415358
AFFX-hum_alu_at,-0.013247007666997795,-0.06445221882290039,0.07372094980245757,0.1271713069381938,0.08276717329924428,0.0542263166497928,0.002629957092674527,0.0330732949701245,-0.08619430322126069,0.007343948098163411
217022_s_at,0.149991836892889,0.16546511151327264,-0.018779716285577196,0.0003045369783839978,0.04063782656621259,-0.08309526745557991,-0.12705403959440204,0.021128466772840204,-0.039283735729792914,0.0533147294987995
221671_x_at,0.25590032224833337,0.0862802698865563,0.031861610489703256,-0.00604243556697028,-0.014209470962091039,-0.04555857929430434,-0.08289401436135946,-0.0640654273405901,-0.05618399582186657,0.021692237103014524
221651_x_at,0.25825638012510616,0.08372153650861343,0.034041216036893564,-0.005889933649340479,-0.017019345027575124,-0.04532656875049229,-0.08508889774840389,-0.059246189236915145,-0.06398478328558316,0.013661612988053736
214677_x_at,0.2647449448780692,0.08718440472277562,-0.0163591377878478,0.059293857900548856,0.01381102516405454,-0.08108734164625603,-0.11140049916595435,-0.06464345261455352,-0.03891680350637403,0.003985699569390691
AFFX-r2-P1-cre-3_at,-0.01795785835691938,-0.02618396652198346,0.10687785521028138,0.20604285958093346,0.151427189472598,0.14395534512040972,0.05788532961883713,-0.06704102037297936,0.0984690812522084,-0.0008823801058400427
209138_x_at,0.3092102067627499,0.08298851693748152,0.006811290525888383,0.06885697544613865,-0.022167594716213237,-0.09333490169267213,-0.11917067350992051,-0.06301575424944299,-0.044642363107117555,0.010410412420061096
211430_s_at,0.3112869472058362,0.018275459391747254,-0.007439134965700214,0.06162461391172767,-0.006268192473171898,-0.0934665551733438,-0.06167514791527271,-0.11201131323290385,-0.08164368605083419,-0.014871666909102474
215121_x_at,0.35386460127077735,0.08820504308211215,0.047568435411295844,0.08682941236125286,-0.05970430197515651,-0.08451246905614776,-0.15386794497181772,-0.08562485136008166,-0.004809594985885403,0.044558933356048346
